True_C_S,True_Xi,Input_C_X,Input_Xi,True_IRI,Est_IRI,Est_IRI_Wrong_Parameter
394.536,0.1,1300,0.33,1.4984385497408048,1.4550027372034886,1.2036149800849454
394.536,0.1,1300,0.33,2.279540585967038,2.227291321603689,1.498709551558178
394.536,0.1,1300,0.33,1.6751391673259255,1.6349042556717217,1.1093744584187335
394.536,0.1,1300,0.33,1.2569876578833425,1.2314123324805029,0.8928050344193008
394.536,0.1,1300,0.33,2.049177959953141,2.0193023005019746,1.3015270709143256
394.536,0.1,1300,0.33,0.22517448138928273,0.21963194586961224,0.1514027568463168
394.536,0.1,1300,0.33,0.8396407156589245,0.8242963599700042,0.5663470609844459
394.536,0.1,1300,0.33,0.7834269668774204,0.7712399344825994,0.5265134208840695
394.536,0.1,1300,0.33,1.538985897603219,1.5109936405516318,1.0908236128662845
394.536,0.1,1300,0.33,1.5569655451304643,1.5218190719806806,1.0800736524502292
394.536,0.1,1300,0.33,1.7132709774525456,1.6775300851822446,1.1645857719340522
394.536,0.1,1300,0.33,2.2836228640326435,2.2288266959030407,1.7981958582740358
394.536,0.1,1300,0.33,2.5538988559897553,2.506932675650007,1.881747172872683
394.536,0.1,1300,0.33,2.1656770025793604,2.1082381907838164,1.5317151888437908
394.536,0.1,1300,0.33,1.2994428790136436,1.2740787442880042,0.9277016116682905
394.536,0.1,1300,0.33,2.48141198664964,2.4329507960875,1.7017835556411895
394.536,0.1,1300,0.33,1.757048918082585,1.729961921423838,1.204152779893588
394.536,0.1,1300,0.33,3.3600303242403626,3.292657224529586,2.2358977834546994
394.536,0.1,1300,0.33,2.794124300567109,2.7385941643368645,1.9726580230813664
394.536,0.1,1300,0.33,1.8004219910687032,1.7716263011886224,1.2188823000065638
394.536,0.1,1300,0.33,1.7726177489008184,1.7399688861531024,1.2173007623326386
394.536,0.1,1300,0.33,0.9605984242740598,0.9409273301762451,0.7318585425926699
394.536,0.1,1300,0.33,1.9962829356389846,1.9650373669933356,1.3567843374095798
394.536,0.1,1300,0.33,0.7146560471372335,0.7006613184570142,0.4961232558112763
394.536,0.1,1300,0.33,2.2854435644568847,2.2396069568484895,1.6561877727554506
394.536,0.1,1300,0.33,0.13996952352859857,0.13700349782975768,0.0984613724038106
394.536,0.1,1300,0.33,0.7770524763259953,0.7601794431475843,0.550362582356744
394.536,0.1,1300,0.33,3.746791562156421,3.68336709296,2.585337844285547
394.536,0.1,1300,0.33,3.101676435094694,3.0398925455102694,2.30325800366203
394.536,0.1,1300,0.33,3.3268485137879704,3.2643409560361096,2.3579603997419527
394.536,0.1,1300,0.33,0.17260024785765354,0.1694737318902903,0.11509013551134636
394.536,0.1,1300,0.33,0.4502466235052151,0.44161811780679855,0.33487149325693233
394.536,0.1,1300,0.33,0.5037086454352715,0.4939332075753878,0.35901255730679343
394.536,0.1,1300,0.33,3.938073794256384,3.8854497065108866,2.849309825026299
394.536,0.1,1300,0.33,4.42780951147841,4.34597858157897,3.199476848927739
394.536,0.1,1300,0.33,4.688181253326136,4.605681981868004,3.459280977666386
394.536,0.1,1300,0.33,4.679743389858256,4.599852636264414,3.2428241257292223
394.536,0.1,1300,0.33,4.152393904222051,4.08992556624163,3.0114922080893303
394.536,0.1,1300,0.33,4.3983132023481915,4.324787340142039,2.9260654782955746
394.536,0.1,1300,0.33,5.50572272832788,5.410096907298094,3.8275365043799483
394.536,0.1,1300,0.33,5.2124194018011405,5.126814437836378,3.755972297421074
394.536,0.1,1300,0.33,4.058927579908129,3.9780903900283584,2.9694550911297735
394.536,0.1,1300,0.33,5.229487888189269,5.112968415536107,3.8314869758928998
394.536,0.1,1300,0.33,4.345279889652502,4.257731017756678,3.139405079565079
394.536,0.1,1300,0.33,4.716777844191145,4.6448858370875685,3.1854913649010825
394.536,0.1,1300,0.33,5.732982974851909,5.63312625179297,4.067061622756911
394.536,0.1,1300,0.33,4.374512503735991,4.29921918731741,3.096149464376787
394.536,0.1,1300,0.33,4.316586870416358,4.232260610781126,3.2756090325243568
394.536,0.1,1300,0.33,4.767367995444496,4.695411057847784,3.3993588330414632
394.536,0.1,1300,0.33,6.028178273087421,5.875975873697038,4.291732687426937
394.536,0.1,1300,0.33,5.942798077758004,5.837687458277698,4.055401469405509
394.536,0.1,1300,0.33,4.649853125185503,4.5922262422855225,3.429011191626261
394.536,0.1,1300,0.33,5.64068732122567,5.536721292616395,3.803472110650522
394.536,0.1,1300,0.33,3.85094912156503,3.7686559336172505,2.9575990378540475
394.536,0.1,1300,0.33,4.564458458184601,4.484907225998994,2.9361374640615354
394.536,0.1,1300,0.33,5.7600803794276185,5.636585168863498,4.145431320960086
394.536,0.1,1300,0.33,4.5363335392826825,4.437914378562387,3.3588788075759144
394.536,0.1,1300,0.33,4.85293412830562,4.788664174769963,3.3542977179491094
394.536,0.1,1300,0.33,5.253806555660671,5.149399847502722,3.7425987643598555
394.536,0.1,1300,0.33,5.932108531394192,5.832209865635223,3.7105199374957647
394.536,0.1,1300,0.33,4.936539523537977,4.847768869634312,3.4845448279265168
394.536,0.1,1300,0.33,4.047292520687275,3.976113699873068,2.722827113764601
394.536,0.1,1300,0.33,3.8947537986844036,3.80699920999724,2.843675432844052
394.536,0.1,1300,0.33,4.457248930070845,4.386722054075139,3.0663395827989497
394.536,0.1,1300,0.33,5.033390955691866,4.960213366648264,3.4757515515531567
394.536,0.1,1300,0.33,3.3348422536167397,3.264279993331141,2.325967970857728
394.536,0.1,1300,0.33,7.661449832747567,7.457615595274724,5.118125573169443
394.536,0.1,1300,0.33,9.17068800514708,9.008846711666443,6.291863469397325
394.536,0.1,1300,0.33,7.783729001547114,7.651940652467538,5.610207623147777
394.536,0.1,1300,0.33,8.89630366756205,8.740941159318504,6.697180327293561
394.536,0.1,1300,0.33,8.59272447570084,8.416858249989188,5.742950226267574
394.536,0.1,1300,0.33,6.119409915540167,6.034784786571252,4.055565136302123
394.536,0.1,1300,0.33,9.202490771294398,9.051542806975824,5.9691138337665555
394.536,0.1,1300,0.33,8.708751858985133,8.5588886560723,6.993448285371559
394.536,0.1,1300,0.33,7.756599472928511,7.628066264511674,5.197471734046192
394.536,0.1,1300,0.33,7.034859192038396,6.877581447423329,5.22522487339688
394.536,0.1,1300,0.33,7.721921471038906,7.546296035380347,4.983640235556532
394.536,0.1,1300,0.33,8.549257396575253,8.340794285309443,6.442830515592898
394.536,0.1,1300,0.33,8.976005853554874,8.795106517216446,6.370645814254424
394.536,0.1,1300,0.33,8.077949204654352,7.9250191102114655,5.248381883821772
394.536,0.1,1300,0.33,8.828930897974965,8.662819927796216,6.322822153611836
394.536,0.1,1300,0.33,8.489550366144636,8.305872170955976,6.029675674536367
394.536,0.1,1300,0.33,8.075969292713214,7.89581257349522,5.082608725453923
394.536,0.1,1300,0.33,7.9076031330728425,7.741881750661067,5.630551975462429
394.536,0.1,1300,0.33,8.003751348359506,7.820197858439646,5.993535998786694
394.536,0.1,1300,0.33,8.11506501421495,7.93650918093272,6.101925113871551
394.536,0.1,1300,0.33,7.115621411705112,6.96414678494574,5.713616752323796
394.536,0.1,1300,0.33,6.875847858874166,6.781330670515654,5.013878366260512
394.536,0.1,1300,0.33,7.41219230002382,7.284370892751463,5.527345488574505
394.536,0.1,1300,0.33,8.551820827782509,8.381843057323582,6.630510345072995
394.536,0.1,1300,0.33,7.570049663959958,7.444494318609974,5.418220176779793
394.536,0.1,1300,0.33,7.071235108418641,6.936910276896123,5.030353866000456
394.536,0.1,1300,0.33,9.473282011385349,9.264737460416987,6.264904168552647
394.536,0.1,1300,0.33,6.693958347551518,6.554307086924314,5.133715815701288
394.536,0.1,1300,0.33,7.378930348965102,7.2556508320289,5.495739043783087
394.536,0.1,1300,0.33,7.6136050657021554,7.48646254732918,5.878798206609167
394.536,0.1,1300,0.33,7.295109892985118,7.197467997814282,5.324082577941736
394.536,0.1,1300,0.33,8.125610664303052,8.010878933911316,6.195535368705252
394.536,0.1,1300,0.33,8.110604637190185,7.947489993105281,5.734506508391998
394.536,0.1,1300,0.33,8.018554292995736,7.888826293450631,5.608131414591613
1183.609,0.3,1300,0.33,1.4984385497408048,1.4550027372034886,1.5337734343374714
1183.609,0.3,1300,0.33,2.279540585967038,2.227291321603689,2.303277612320078
1183.609,0.3,1300,0.33,1.6751391673259255,1.6349042556717217,1.7187133641142767
1183.609,0.3,1300,0.33,1.2569876578833425,1.2314123324805029,1.2951707005273252
1183.609,0.3,1300,0.33,2.049177959953141,2.0193023005019746,2.029769802057208
1183.609,0.3,1300,0.33,0.22517448138928273,0.21963194586961224,0.2296837530745706
1183.609,0.3,1300,0.33,0.8396407156589245,0.8242963599700042,0.8527648164279003
1183.609,0.3,1300,0.33,0.7834269668774204,0.7712399344825994,0.7943801245858396
1183.609,0.3,1300,0.33,1.538985897603219,1.5109936405516318,1.5604387743934534
1183.609,0.3,1300,0.33,1.5569655451304643,1.5218190719806806,1.589014844900787
1183.609,0.3,1300,0.33,1.7132709774525456,1.6775300851822446,1.7811123428783182
1183.609,0.3,1300,0.33,2.2836228640326435,2.2288266959030407,2.367708401660186
1183.609,0.3,1300,0.33,2.5538988559897553,2.506932675650007,2.607852123657988
1183.609,0.3,1300,0.33,2.1656770025793604,2.1082381907838164,2.226390534335442
1183.609,0.3,1300,0.33,1.2994428790136436,1.2740787442880042,1.339375956086242
1183.609,0.3,1300,0.33,2.48141198664964,2.4329507960875,2.535771540195054
1183.609,0.3,1300,0.33,1.757048918082585,1.729961921423838,1.7909168614472508
1183.609,0.3,1300,0.33,3.3600303242403626,3.292657224529586,3.3975760384838654
1183.609,0.3,1300,0.33,2.794124300567109,2.7385941643368645,2.8601137474563907
1183.609,0.3,1300,0.33,1.8004219910687032,1.7716263011886224,1.8592896192488806
1183.609,0.3,1300,0.33,1.7726177489008184,1.7399688861531024,1.8288783550390355
1183.609,0.3,1300,0.33,0.9605984242740598,0.9409273301762451,0.9945860323289132
1183.609,0.3,1300,0.33,1.9962829356389846,1.9650373669933356,2.0226690815744317
1183.609,0.3,1300,0.33,0.7146560471372335,0.7006613184570142,0.721017975123535
1183.609,0.3,1300,0.33,2.2854435644568847,2.2396069568484895,2.292696457136371
1183.609,0.3,1300,0.33,0.13996952352859857,0.13700349782975768,0.1439475145100982
1183.609,0.3,1300,0.33,0.7770524763259953,0.7601794431475843,0.7970284139107877
1183.609,0.3,1300,0.33,3.746791562156421,3.68336709296,3.8119664825293538
1183.609,0.3,1300,0.33,3.101676435094694,3.0398925455102694,3.268891911375686
1183.609,0.3,1300,0.33,3.3268485137879704,3.2643409560361096,3.3969451191014466
1183.609,0.3,1300,0.33,0.17260024785765354,0.1694737318902903,0.17465159933363966
1183.609,0.3,1300,0.33,0.4502466235052151,0.44161811780679855,0.4693120489029247
1183.609,0.3,1300,0.33,0.5037086454352715,0.4939332075753878,0.5163281548530816
1183.609,0.3,1300,0.33,3.938073794256384,3.8854497065108866,3.9987113378434516
1183.609,0.3,1300,0.33,4.42780951147841,4.34597858157897,4.45844160375391
1183.609,0.3,1300,0.33,4.688181253326136,4.605681981868004,4.809194320439277
1183.609,0.3,1300,0.33,4.679743389858256,4.599852636264414,4.847093440597145
1183.609,0.3,1300,0.33,4.152393904222051,4.08992556624163,4.201051035188996
1183.609,0.3,1300,0.33,4.3983132023481915,4.324787340142039,4.424327604365196
1183.609,0.3,1300,0.33,5.50572272832788,5.410096907298094,5.531677959289626
1183.609,0.3,1300,0.33,5.2124194018011405,5.126814437836378,5.322414816920587
1183.609,0.3,1300,0.33,4.058927579908129,3.9780903900283584,4.158201665708506
1183.609,0.3,1300,0.33,5.229487888189269,5.112968415536107,5.318165337764459
1183.609,0.3,1300,0.33,4.345279889652502,4.257731017756678,4.533384404503049
1183.609,0.3,1300,0.33,4.716777844191145,4.6448858370875685,4.748658307444541
1183.609,0.3,1300,0.33,5.732982974851909,5.63312625179297,5.842853355344133
1183.609,0.3,1300,0.33,4.374512503735991,4.29921918731741,4.469815268814973
1183.609,0.3,1300,0.33,4.316586870416358,4.232260610781126,4.373023469790859
1183.609,0.3,1300,0.33,4.767367995444496,4.695411057847784,4.8506797241325605
1183.609,0.3,1300,0.33,6.028178273087421,5.875975873697038,6.160398822707471
1183.609,0.3,1300,0.33,5.942798077758004,5.837687458277698,6.011344692271571
1183.609,0.3,1300,0.33,4.649853125185503,4.5922262422855225,4.752836868284782
1183.609,0.3,1300,0.33,5.64068732122567,5.536721292616395,5.808978649277496
1183.609,0.3,1300,0.33,3.85094912156503,3.7686559336172505,3.937053487454486
1183.609,0.3,1300,0.33,4.564458458184601,4.484907225998994,4.541391373603067
1183.609,0.3,1300,0.33,5.7600803794276185,5.636585168863498,5.851780265264029
1183.609,0.3,1300,0.33,4.5363335392826825,4.437914378562387,4.706621041009913
1183.609,0.3,1300,0.33,4.85293412830562,4.788664174769963,4.971806905829848
1183.609,0.3,1300,0.33,5.253806555660671,5.149399847502722,5.463046348574647
1183.609,0.3,1300,0.33,5.932108531394192,5.832209865635223,5.917445086972711
1183.609,0.3,1300,0.33,4.936539523537977,4.847768869634312,4.957118396149423
1183.609,0.3,1300,0.33,4.047292520687275,3.976113699873068,4.1055057304260005
1183.609,0.3,1300,0.33,3.8947537986844036,3.80699920999724,4.03012478519831
1183.609,0.3,1300,0.33,4.457248930070845,4.386722054075139,4.483618188514757
1183.609,0.3,1300,0.33,5.033390955691866,4.960213366648264,5.1324286451579235
1183.609,0.3,1300,0.33,3.3348422536167397,3.264279993331141,3.4526369941626975
1183.609,0.3,1300,0.33,7.661449832747567,7.457615595274724,7.840438577034673
1183.609,0.3,1300,0.33,9.17068800514708,9.008846711666443,9.101781302334121
1183.609,0.3,1300,0.33,7.783729001547114,7.651940652467538,7.976098146907855
1183.609,0.3,1300,0.33,8.89630366756205,8.740941159318504,9.034261527773781
1183.609,0.3,1300,0.33,8.59272447570084,8.416858249989188,8.538746310027065
1183.609,0.3,1300,0.33,6.119409915540167,6.034784786571252,6.190594848885978
1183.609,0.3,1300,0.33,9.202490771294398,9.051542806975824,9.191955088039853
1183.609,0.3,1300,0.33,8.708751858985133,8.5588886560723,8.963083499718042
1183.609,0.3,1300,0.33,7.756599472928511,7.628066264511674,7.793371048053931
1183.609,0.3,1300,0.33,7.034859192038396,6.877581447423329,7.2344484700686555
1183.609,0.3,1300,0.33,7.721921471038906,7.546296035380347,7.673813471128528
1183.609,0.3,1300,0.33,8.549257396575253,8.340794285309443,8.600250577329723
1183.609,0.3,1300,0.33,8.976005853554874,8.795106517216446,9.00449789903858
1183.609,0.3,1300,0.33,8.077949204654352,7.9250191102114655,8.005267422540689
1183.609,0.3,1300,0.33,8.828930897974965,8.662819927796216,9.05115260267536
1183.609,0.3,1300,0.33,8.489550366144636,8.305872170955976,8.627007007837083
1183.609,0.3,1300,0.33,8.075969292713214,7.89581257349522,8.070939993986759
1183.609,0.3,1300,0.33,7.9076031330728425,7.741881750661067,8.0588650044246
1183.609,0.3,1300,0.33,8.003751348359506,7.820197858439646,8.23179838330237
1183.609,0.3,1300,0.33,8.11506501421495,7.93650918093272,8.48457433344881
1183.609,0.3,1300,0.33,7.115621411705112,6.96414678494574,7.422379029283988
1183.609,0.3,1300,0.33,6.875847858874166,6.781330670515654,6.9768734118918285
1183.609,0.3,1300,0.33,7.41219230002382,7.284370892751463,7.5450060234659455
1183.609,0.3,1300,0.33,8.551820827782509,8.381843057323582,8.6857438844671
1183.609,0.3,1300,0.33,7.570049663959958,7.444494318609974,7.9887315242332795
1183.609,0.3,1300,0.33,7.071235108418641,6.936910276896123,7.171562990407027
1183.609,0.3,1300,0.33,9.473282011385349,9.264737460416987,9.540981946043344
1183.609,0.3,1300,0.33,6.693958347551518,6.554307086924314,6.945043277982374
1183.609,0.3,1300,0.33,7.378930348965102,7.2556508320289,7.666192017106407
1183.609,0.3,1300,0.33,7.6136050657021554,7.48646254732918,7.777637306629749
1183.609,0.3,1300,0.33,7.295109892985118,7.197467997814282,7.4670162495655905
1183.609,0.3,1300,0.33,8.125610664303052,8.010878933911316,8.396673711345912
1183.609,0.3,1300,0.33,8.110604637190185,7.947489993105281,8.104118979013242
1183.609,0.3,1300,0.33,8.018554292995736,7.888826293450631,8.11211529298704
1972.681,0.5,1300,0.33,1.4984385497408048,1.4550027372034886,1.9624163304019264
1972.681,0.5,1300,0.33,2.279540585967038,2.227291321603689,3.0640896828444175
1972.681,0.5,1300,0.33,1.6751391673259255,1.6349042556717217,2.2438222290148833
1972.681,0.5,1300,0.33,1.2569876578833425,1.2314123324805029,1.6980301061766314
1972.681,0.5,1300,0.33,2.049177959953141,2.0193023005019746,2.7769223964127163
1972.681,0.5,1300,0.33,0.22517448138928273,0.21963194586961224,0.30142209057378994
1972.681,0.5,1300,0.33,0.8396407156589245,0.8242963599700042,1.126370757318669
1972.681,0.5,1300,0.33,0.7834269668774204,0.7712399344825994,1.0599037706688663
1972.681,0.5,1300,0.33,1.538985897603219,1.5109936405516318,2.086216256356827
1972.681,0.5,1300,0.33,1.5569655451304643,1.5218190719806806,2.095830806697529
1972.681,0.5,1300,0.33,1.7132709774525456,1.6775300851822446,2.3022916645157756
1972.681,0.5,1300,0.33,2.2836228640326435,2.2288266959030407,3.027726234260043
1972.681,0.5,1300,0.33,2.5538988559897553,2.506932675650007,3.386189458259711
1972.681,0.5,1300,0.33,2.1656770025793604,2.1082381907838164,2.878708818873541
1972.681,0.5,1300,0.33,1.2994428790136436,1.2740787442880042,1.7380564698708054
1972.681,0.5,1300,0.33,2.48141198664964,2.4329507960875,3.326374411588468
1972.681,0.5,1300,0.33,1.757048918082585,1.729961921423838,2.3596628129543826
1972.681,0.5,1300,0.33,3.3600303242403626,3.292657224529586,4.496228352537007
1972.681,0.5,1300,0.33,2.794124300567109,2.7385941643368645,3.73578019985174
1972.681,0.5,1300,0.33,1.8004219910687032,1.7716263011886224,2.4254951650313483
1972.681,0.5,1300,0.33,1.7726177489008184,1.7399688861531024,2.3837767232376317
1972.681,0.5,1300,0.33,0.9605984242740598,0.9409273301762451,1.2728434507450386
1972.681,0.5,1300,0.33,1.9962829356389846,1.9650373669933356,2.722296319690937
1972.681,0.5,1300,0.33,0.7146560471372335,0.7006613184570142,0.9574816302766147
1972.681,0.5,1300,0.33,2.2854435644568847,2.2396069568484895,3.0362040063032545
1972.681,0.5,1300,0.33,0.13996952352859857,0.13700349782975768,0.18807585139467783
1972.681,0.5,1300,0.33,0.7770524763259953,0.7601794431475843,1.0341226138917787
1972.681,0.5,1300,0.33,3.746791562156421,3.68336709296,5.044291814780734
1972.681,0.5,1300,0.33,3.101676435094694,3.0398925455102694,4.146181062522172
1972.681,0.5,1300,0.33,3.3268485137879704,3.2643409560361096,4.429778713634022
1972.681,0.5,1300,0.33,0.17260024785765354,0.1694737318902903,0.23287344987220104
1972.681,0.5,1300,0.33,0.4502466235052151,0.44161811780679855,0.6027157654457252
1972.681,0.5,1300,0.33,0.5037086454352715,0.4939332075753878,0.6769480105426332
1972.681,0.5,1300,0.33,3.938073794256384,3.8854497065108866,5.256763647699661
1972.681,0.5,1300,0.33,4.42780951147841,4.34597858157897,5.906311311421754
1972.681,0.5,1300,0.33,4.688181253326136,4.605681981868004,6.275683982128597
1972.681,0.5,1300,0.33,4.679743389858256,4.599852636264414,6.304965901236183
1972.681,0.5,1300,0.33,4.152393904222051,4.08992556624163,5.582409932512063
1972.681,0.5,1300,0.33,4.3983132023481915,4.324787340142039,5.944662044444049
1972.681,0.5,1300,0.33,5.50572272832788,5.410096907298094,7.434081027550126
1972.681,0.5,1300,0.33,5.2124194018011405,5.126814437836378,6.930602149382155
1972.681,0.5,1300,0.33,4.058927579908129,3.9780903900283584,5.392746237790818
1972.681,0.5,1300,0.33,5.229487888189269,5.112968415536107,6.931776229927288
1972.681,0.5,1300,0.33,4.345279889652502,4.257731017756678,5.8543513009842805
1972.681,0.5,1300,0.33,4.716777844191145,4.6448858370875685,6.367773540722618
1972.681,0.5,1300,0.33,5.732982974851909,5.63312625179297,7.6782663210249735
1972.681,0.5,1300,0.33,4.374512503735991,4.29921918731741,5.880906894020578
1972.681,0.5,1300,0.33,4.316586870416358,4.232260610781126,5.768903314359096
1972.681,0.5,1300,0.33,4.767367995444496,4.695411057847784,6.455850770169815
1972.681,0.5,1300,0.33,6.028178273087421,5.875975873697038,8.042686787711336
1972.681,0.5,1300,0.33,5.942798077758004,5.837687458277698,7.939298837050011
1972.681,0.5,1300,0.33,4.649853125185503,4.5922262422855225,6.283625712778434
1972.681,0.5,1300,0.33,5.64068732122567,5.536721292616395,7.596511305237404
1972.681,0.5,1300,0.33,3.85094912156503,3.7686559336172505,5.070996720479734
1972.681,0.5,1300,0.33,4.564458458184601,4.484907225998994,6.133392638158672
1972.681,0.5,1300,0.33,5.7600803794276185,5.636585168863498,7.672476960878352
1972.681,0.5,1300,0.33,4.5363335392826825,4.437914378562387,6.004486176868687
1972.681,0.5,1300,0.33,4.85293412830562,4.788664174769963,6.5928199551095545
1972.681,0.5,1300,0.33,5.253806555660671,5.149399847502722,7.040427508966178
1972.681,0.5,1300,0.33,5.932108531394192,5.832209865635223,7.958443064867885
1972.681,0.5,1300,0.33,4.936539523537977,4.847768869634312,6.678914940051273
1972.681,0.5,1300,0.33,4.047292520687275,3.976113699873068,5.458829158077024
1972.681,0.5,1300,0.33,3.8947537986844036,3.80699920999724,5.241634458490606
1972.681,0.5,1300,0.33,4.457248930070845,4.386722054075139,5.935655802067256
1972.681,0.5,1300,0.33,5.033390955691866,4.960213366648264,6.660179750559178
1972.681,0.5,1300,0.33,3.3348422536167397,3.264279993331141,4.479317504841737
1972.681,0.5,1300,0.33,7.661449832747567,7.457615595274724,10.240356974041115
1972.681,0.5,1300,0.33,9.17068800514708,9.008846711666443,12.327955477403242
1972.681,0.5,1300,0.33,7.783729001547114,7.651940652467538,10.42651414581262
1972.681,0.5,1300,0.33,8.89630366756205,8.740941159318504,11.792378993841545
1972.681,0.5,1300,0.33,8.59272447570084,8.416858249989188,11.568837927976986
1972.681,0.5,1300,0.33,6.119409915540167,6.034784786571252,8.286878437918183
1972.681,0.5,1300,0.33,9.202490771294398,9.051542806975824,12.543064252352062
1972.681,0.5,1300,0.33,8.708751858985133,8.5588886560723,11.61495450061075
1972.681,0.5,1300,0.33,7.756599472928511,7.628066264511674,10.455284539304568
1972.681,0.5,1300,0.33,7.034859192038396,6.877581447423329,9.371125969819976
1972.681,0.5,1300,0.33,7.721921471038906,7.546296035380347,10.466593879342312
1972.681,0.5,1300,0.33,8.549257396575253,8.340794285309443,11.380286545220478
1972.681,0.5,1300,0.33,8.976005853554874,8.795106517216446,12.107234541610742
1972.681,0.5,1300,0.33,8.077949204654352,7.9250191102114655,10.817894288765435
1972.681,0.5,1300,0.33,8.828930897974965,8.662819927796216,11.825213894706758
1972.681,0.5,1300,0.33,8.489550366144636,8.305872170955976,11.427671481587433
1972.681,0.5,1300,0.33,8.075969292713214,7.89581257349522,10.873340293940828
1972.681,0.5,1300,0.33,7.9076031330728425,7.741881750661067,10.586809338786859
1972.681,0.5,1300,0.33,8.003751348359506,7.820197858439646,10.732243615666883
1972.681,0.5,1300,0.33,8.11506501421495,7.93650918093272,10.918634564408054
1972.681,0.5,1300,0.33,7.115621411705112,6.96414678494574,9.5137942217156
1972.681,0.5,1300,0.33,6.875847858874166,6.781330670515654,9.247119190642168
1972.681,0.5,1300,0.33,7.41219230002382,7.284370892751463,9.958614899267802
1972.681,0.5,1300,0.33,8.551820827782509,8.381843057323582,11.347139544967137
1972.681,0.5,1300,0.33,7.570049663959958,7.444494318609974,10.170023875987019
1972.681,0.5,1300,0.33,7.071235108418641,6.936910276896123,9.48175706256721
1972.681,0.5,1300,0.33,9.473282011385349,9.264737460416987,12.738779702153085
1972.681,0.5,1300,0.33,6.693958347551518,6.554307086924314,8.862139855968213
1972.681,0.5,1300,0.33,7.378930348965102,7.2556508320289,9.842595736295733
1972.681,0.5,1300,0.33,7.6136050657021554,7.48646254732918,10.154045084316518
1972.681,0.5,1300,0.33,7.295109892985118,7.197467997814282,9.796217918183027
1972.681,0.5,1300,0.33,8.125610664303052,8.010878933911316,10.924220270721488
1972.681,0.5,1300,0.33,8.110604637190185,7.947489993105281,10.797881660203164
1972.681,0.5,1300,0.33,8.018554292995736,7.888826293450631,10.775934163685553
2761.754,0.7,1300,0.33,1.4984385497408048,1.4550027372034886,2.3151329116220545
2761.754,0.7,1300,0.33,2.279540585967038,2.227291321603689,3.690105286395819
2761.754,0.7,1300,0.33,1.6751391673259255,1.6349042556717217,2.653889558855465
2761.754,0.7,1300,0.33,1.2569876578833425,1.2314123324805029,2.060742483455499
2761.754,0.7,1300,0.33,2.049177959953141,2.0193023005019746,3.423072363623883
2761.754,0.7,1300,0.33,0.22517448138928273,0.21963194586961224,0.36146764757509603
2761.754,0.7,1300,0.33,0.8396407156589245,0.8242963599700042,1.3446400580598792
2761.754,0.7,1300,0.33,0.7834269668774204,0.7712399344825994,1.2778824804485085
2761.754,0.7,1300,0.33,1.538985897603219,1.5109936405516318,2.531553097203996
2761.754,0.7,1300,0.33,1.5569655451304643,1.5218190719806806,2.51342773792386
2761.754,0.7,1300,0.33,1.7132709774525456,1.6775300851822446,2.7273408064325424
2761.754,0.7,1300,0.33,2.2836228640326435,2.2288266959030407,3.5971839547658577
2761.754,0.7,1300,0.33,2.5538988559897553,2.506932675650007,4.056746597834431
2761.754,0.7,1300,0.33,2.1656770025793604,2.1082381907838164,3.3977529999933127
2761.754,0.7,1300,0.33,1.2994428790136436,1.2740787442880042,2.070232369314649
2761.754,0.7,1300,0.33,2.48141198664964,2.4329507960875,3.993865644582255
2761.754,0.7,1300,0.33,1.757048918082585,1.729961921423838,2.827446351783455
2761.754,0.7,1300,0.33,3.3600303242403626,3.292657224529586,5.456866424967348
2761.754,0.7,1300,0.33,2.794124300567109,2.7385941643368645,4.4480063698341725
2761.754,0.7,1300,0.33,1.8004219910687032,1.7716263011886224,2.8910351909393297
2761.754,0.7,1300,0.33,1.7726177489008184,1.7399688861531024,2.863000590664815
2761.754,0.7,1300,0.33,0.9605984242740598,0.9409273301762451,1.502862558774113
2761.754,0.7,1300,0.33,1.9962829356389846,1.9650373669933356,3.326830184545726
2761.754,0.7,1300,0.33,0.7146560471372335,0.7006613184570142,1.1530524476712825
2761.754,0.7,1300,0.33,2.2854435644568847,2.2396069568484895,3.6745963507462833
2761.754,0.7,1300,0.33,0.13996952352859857,0.13700349782975768,0.22514865805160597
2761.754,0.7,1300,0.33,0.7770524763259953,0.7601794431475843,1.2442852142535807
2761.754,0.7,1300,0.33,3.746791562156421,3.68336709296,6.0664043868017234
2761.754,0.7,1300,0.33,3.101676435094694,3.0398925455102694,4.936181812156986
2761.754,0.7,1300,0.33,3.3268485137879704,3.2643409560361096,5.336633083467286
2761.754,0.7,1300,0.33,0.17260024785765354,0.1694737318902903,0.2815209123743603
2761.754,0.7,1300,0.33,0.4502466235052151,0.44161811780679855,0.7105629983296503
2761.754,0.7,1300,0.33,0.5037086454352715,0.4939332075753878,0.8069170840717764
2761.754,0.7,1300,0.33,3.938073794256384,3.8854497065108866,6.319028798181439
2761.754,0.7,1300,0.33,4.42780951147841,4.34597858157897,7.107971571661123
2761.754,0.7,1300,0.33,4.688181253326136,4.605681981868004,7.611681445531811
2761.754,0.7,1300,0.33,4.679743389858256,4.599852636264414,7.489427985205643
2761.754,0.7,1300,0.33,4.152393904222051,4.08992556624163,6.796743645160758
2761.754,0.7,1300,0.33,4.3983132023481915,4.324787340142039,7.247815416579438
2761.754,0.7,1300,0.33,5.50572272832788,5.410096907298094,9.12317416095324
2761.754,0.7,1300,0.33,5.2124194018011405,5.126814437836378,8.203005124207108
2761.754,0.7,1300,0.33,4.058927579908129,3.9780903900283584,6.404291477385241
2761.754,0.7,1300,0.33,5.229487888189269,5.112968415536107,8.333316875061675
2761.754,0.7,1300,0.33,4.345279889652502,4.257731017756678,6.953682182817593
2761.754,0.7,1300,0.33,4.716777844191145,4.6448858370875685,7.795474127831427
2761.754,0.7,1300,0.33,5.732982974851909,5.63312625179297,9.168962488213964
2761.754,0.7,1300,0.33,4.374512503735991,4.29921918731741,7.0842379880101145
2761.754,0.7,1300,0.33,4.316586870416358,4.232260610781126,6.978901157141332
2761.754,0.7,1300,0.33,4.767367995444496,4.695411057847784,7.797695921165738
2761.754,0.7,1300,0.33,6.028178273087421,5.875975873697038,9.642529388844117
2761.754,0.7,1300,0.33,5.942798077758004,5.837687458277698,9.531290534865244
2761.754,0.7,1300,0.33,4.649853125185503,4.5922262422855225,7.567520650122585
2761.754,0.7,1300,0.33,5.64068732122567,5.536721292616395,9.100219118693207
2761.754,0.7,1300,0.33,3.85094912156503,3.7686559336172505,6.14906052058061
2761.754,0.7,1300,0.33,4.564458458184601,4.484907225998994,7.5328400753394735
2761.754,0.7,1300,0.33,5.7600803794276185,5.636585168863498,9.213545703765309
2761.754,0.7,1300,0.33,4.5363335392826825,4.437914378562387,7.076864552368812
2761.754,0.7,1300,0.33,4.85293412830562,4.788664174769963,8.013642103602084
2761.754,0.7,1300,0.33,5.253806555660671,5.149399847502722,8.371799288761371
2761.754,0.7,1300,0.33,5.932108531394192,5.832209865635223,9.637842318760306
2761.754,0.7,1300,0.33,4.936539523537977,4.847768869634312,8.106616762637586
2761.754,0.7,1300,0.33,4.047292520687275,3.976113699873068,6.589802366467042
2761.754,0.7,1300,0.33,3.8947537986844036,3.80699920999724,6.217431826239243
2761.754,0.7,1300,0.33,4.457248930070845,4.386722054075139,7.150487169712683
2761.754,0.7,1300,0.33,5.033390955691866,4.960213366648264,8.056934394892329
2761.754,0.7,1300,0.33,3.3348422536167397,3.264279993331141,5.329972086566282
2761.754,0.7,1300,0.33,7.661449832747567,7.457615595274724,12.2129579800102
2761.754,0.7,1300,0.33,9.17068800514708,9.008846711666443,15.146326806833025
2761.754,0.7,1300,0.33,7.783729001547114,7.651940652467538,12.589638877325584
2761.754,0.7,1300,0.33,8.89630366756205,8.740941159318504,14.368464125831334
2761.754,0.7,1300,0.33,8.59272447570084,8.416858249989188,13.984928635299836
2761.754,0.7,1300,0.33,6.119409915540167,6.034784786571252,10.030896873848187
2761.754,0.7,1300,0.33,9.202490771294398,9.051542806975824,15.359837282613785
2761.754,0.7,1300,0.33,8.708751858985133,8.5588886560723,13.83486234007285
2761.754,0.7,1300,0.33,7.756599472928511,7.628066264511674,12.578333758993441
2761.754,0.7,1300,0.33,7.034859192038396,6.877581447423329,11.252496936662954
2761.754,0.7,1300,0.33,7.721921471038906,7.546296035380347,12.89992277941132
2761.754,0.7,1300,0.33,8.549257396575253,8.340794285309443,13.760435184615687
2761.754,0.7,1300,0.33,8.976005853554874,8.795106517216446,14.919338868909934
2761.754,0.7,1300,0.33,8.077949204654352,7.9250191102114655,13.183625623756173
2761.754,0.7,1300,0.33,8.828930897974965,8.662819927796216,14.229300923614844
2761.754,0.7,1300,0.33,8.489550366144636,8.305872170955976,13.873633751161961
2761.754,0.7,1300,0.33,8.075969292713214,7.89581257349522,13.121868219017353
2761.754,0.7,1300,0.33,7.9076031330728425,7.741881750661067,12.795488824641863
2761.754,0.7,1300,0.33,8.003751348359506,7.820197858439646,12.878689556955806
2761.754,0.7,1300,0.33,8.11506501421495,7.93650918093272,12.996622386780624
2761.754,0.7,1300,0.33,7.115621411705112,6.96414678494574,11.263068428867378
2761.754,0.7,1300,0.33,6.875847858874166,6.781330670515654,11.23172564464513
2761.754,0.7,1300,0.33,7.41219230002382,7.284370892751463,12.157341545120044
2761.754,0.7,1300,0.33,8.551820827782509,8.381843057323582,13.649104073919274
2761.754,0.7,1300,0.33,7.570049663959958,7.444494318609974,11.88749090002349
2761.754,0.7,1300,0.33,7.071235108418641,6.936910276896123,11.47658373205606
2761.754,0.7,1300,0.33,9.473282011385349,9.264737460416987,15.389966288263754
2761.754,0.7,1300,0.33,6.693958347551518,6.554307086924314,10.490679268809691
2761.754,0.7,1300,0.33,7.378930348965102,7.2556508320289,11.805124608165434
2761.754,0.7,1300,0.33,7.6136050657021554,7.48646254732918,12.286549625891947
2761.754,0.7,1300,0.33,7.295109892985118,7.197467997814282,11.688841516624885
2761.754,0.7,1300,0.33,8.125610664303052,8.010878933911316,12.998778906217764
2761.754,0.7,1300,0.33,8.110604637190185,7.947489993105281,13.214009163317561
2761.754,0.7,1300,0.33,8.018554292995736,7.888826293450631,13.129646776678277
3550.827,0.9,1300,0.33,1.4984385497408048,1.4550027372034886,2.6102441620005092
3550.827,0.9,1300,0.33,2.279540585967038,2.227291321603689,4.219258764800639
3550.827,0.9,1300,0.33,1.6751391673259255,1.6349042556717217,2.9894073229919615
3550.827,0.9,1300,0.33,1.2569876578833425,1.2314123324805029,2.3848931064202614
3550.827,0.9,1300,0.33,2.049177959953141,2.0193023005019746,3.961680948893397
3550.827,0.9,1300,0.33,0.22517448138928273,0.21963194586961224,0.41252166669069973
3550.827,0.9,1300,0.33,0.8396407156589245,0.8242963599700042,1.5245658706411713
3550.827,0.9,1300,0.33,0.7834269668774204,0.7712399344825994,1.4615904179298227
3550.827,0.9,1300,0.33,1.538985897603219,1.5109936405516318,2.9060660465771893
3550.827,0.9,1300,0.33,1.5569655451304643,1.5218190719806806,2.84881531612682
3550.827,0.9,1300,0.33,1.7132709774525456,1.6775300851822446,3.0818332417531202
3550.827,0.9,1300,0.33,2.2836228640326435,2.2288266959030407,4.10385094787253
3550.827,0.9,1300,0.33,2.5538988559897553,2.506932675650007,4.6612517984331765
3550.827,0.9,1300,0.33,2.1656770025793604,2.1082381907838164,3.8232905342459755
3550.827,0.9,1300,0.33,1.2994428790136436,1.2740787442880042,2.350206597417568
3550.827,0.9,1300,0.33,2.48141198664964,2.4329507960875,4.540977284981088
3550.827,0.9,1300,0.33,1.757048918082585,1.729961921423838,3.2134272502939845
3550.827,0.9,1300,0.33,3.3600303242403626,3.292657224529586,6.310310194705372
3550.827,0.9,1300,0.33,2.794124300567109,2.7385941643368645,5.034867963605961
3550.827,0.9,1300,0.33,1.8004219910687032,1.7716263011886224,3.2919676328423177
3550.827,0.9,1300,0.33,1.7726177489008184,1.7399688861531024,3.277995289328718
3550.827,0.9,1300,0.33,0.9605984242740598,0.9409273301762451,1.700055048138421
3550.827,0.9,1300,0.33,1.9962829356389846,1.9650373669933356,3.85589492181853
3550.827,0.9,1300,0.33,0.7146560471372335,0.7006613184570142,1.3172348880063667
3550.827,0.9,1300,0.33,2.2854435644568847,2.2396069568484895,4.237920604371026
3550.827,0.9,1300,0.33,0.13996952352859857,0.13700349782975768,0.2567981857887064
3550.827,0.9,1300,0.33,0.7770524763259953,0.7601794431475843,1.4184902309351417
3550.827,0.9,1300,0.33,3.746791562156421,3.68336709296,6.922931687335981
3550.827,0.9,1300,0.33,3.101676435094694,3.0398925455102694,5.596074984778931
3550.827,0.9,1300,0.33,3.3268485137879704,3.2643409560361096,6.108769779639928
3550.827,0.9,1300,0.33,0.17260024785765354,0.1694737318902903,0.3214039603588263
3550.827,0.9,1300,0.33,0.4502466235052151,0.44161811780679855,0.7986310027421173
3550.827,0.9,1300,0.33,0.5037086454352715,0.4939332075753878,0.9118229070246829
3550.827,0.9,1300,0.33,3.938073794256384,3.8854497065108866,7.171843134351824
3550.827,0.9,1300,0.33,4.42780951147841,4.34597858157897,8.136107554898702
3550.827,0.9,1300,0.33,4.688181253326136,4.605681981868004,8.746397399718795
3550.827,0.9,1300,0.33,4.679743389858256,4.599852636264414,8.468679769949931
3550.827,0.9,1300,0.33,4.152393904222051,4.08992556624163,7.851111922188307
3550.827,0.9,1300,0.33,4.3983132023481915,4.324787340142039,8.370655339621731
3550.827,0.9,1300,0.33,5.50572272832788,5.410096907298094,10.551729424362946
3550.827,0.9,1300,0.33,5.2124194018011405,5.126814437836378,9.248705979296068
3550.827,0.9,1300,0.33,4.058927579908129,3.9780903900283584,7.263116677889125
3550.827,0.9,1300,0.33,5.229487888189269,5.112968415536107,9.51302600219418
3550.827,0.9,1300,0.33,4.345279889652502,4.257731017756678,7.8526119532333345
3550.827,0.9,1300,0.33,4.716777844191145,4.6448858370875685,9.026866848884222
3550.827,0.9,1300,0.33,5.732982974851909,5.63312625179297,10.405929694950151
3550.827,0.9,1300,0.33,4.374512503735991,4.29921918731741,8.135454928625013
3550.827,0.9,1300,0.33,4.316586870416358,4.232260610781126,8.013240516824272
3550.827,0.9,1300,0.33,4.767367995444496,4.695411057847784,8.948475807175743
3550.827,0.9,1300,0.33,6.028178273087421,5.875975873697038,10.975282825994933
3550.827,0.9,1300,0.33,5.942798077758004,5.837687458277698,10.881507763445125
3550.827,0.9,1300,0.33,4.649853125185503,4.5922262422855225,8.658088799089287
3550.827,0.9,1300,0.33,5.64068732122567,5.536721292616395,10.466337004257609
3550.827,0.9,1300,0.33,3.85094912156503,3.7686559336172505,7.096702765728845
3550.827,0.9,1300,0.33,4.564458458184601,4.484907225998994,8.723631808176494
3550.827,0.9,1300,0.33,5.7600803794276185,5.636585168863498,10.448751424173377
3550.827,0.9,1300,0.33,4.5363335392826825,4.437914378562387,7.9924349772727705
3550.827,0.9,1300,0.33,4.85293412830562,4.788664174769963,9.297238479463353
3550.827,0.9,1300,0.33,5.253806555660671,5.149399847502722,9.486234769348584
3550.827,0.9,1300,0.33,5.932108531394192,5.832209865635223,11.02760379325487
3550.827,0.9,1300,0.33,4.936539523537977,4.847768869634312,9.307839542814554
3550.827,0.9,1300,0.33,4.047292520687275,3.976113699873068,7.561233966549622
3550.827,0.9,1300,0.33,3.8947537986844036,3.80699920999724,7.030743526754623
3550.827,0.9,1300,0.33,4.457248930070845,4.386722054075139,8.213561319250543
3550.827,0.9,1300,0.33,5.033390955691866,4.960213366648264,9.273621071928488
3550.827,0.9,1300,0.33,3.3348422536167397,3.264279993331141,6.051331259477533
3550.827,0.9,1300,0.33,7.661449832747567,7.457615595274724,13.886677386021674
3550.827,0.9,1300,0.33,9.17068800514708,9.008846711666443,17.597408965657383
3550.827,0.9,1300,0.33,7.783729001547114,7.651940652467538,14.486571524654789
3550.827,0.9,1300,0.33,8.89630366756205,8.740941159318504,16.68131795989719
3550.827,0.9,1300,0.33,8.59272447570084,8.416858249989188,15.91556783347372
3550.827,0.9,1300,0.33,6.119409915540167,6.034784786571252,11.500703426395756
3550.827,0.9,1300,0.33,9.202490771294398,9.051542806975824,17.72318022892932
3550.827,0.9,1300,0.33,8.708751858985133,8.5588886560723,15.702870156620053
3550.827,0.9,1300,0.33,7.756599472928511,7.628066264511674,14.305181925405037
3550.827,0.9,1300,0.33,7.034859192038396,6.877581447423329,12.916503414878834
3550.827,0.9,1300,0.33,7.721921471038906,7.546296035380347,14.972981373350859
3550.827,0.9,1300,0.33,8.549257396575253,8.340794285309443,15.819633235861971
3550.827,0.9,1300,0.33,8.976005853554874,8.795106517216446,17.48731435109637
3550.827,0.9,1300,0.33,8.077949204654352,7.9250191102114655,15.125504494572807
3550.827,0.9,1300,0.33,8.828930897974965,8.662819927796216,16.245394894019686
3550.827,0.9,1300,0.33,8.489550366144636,8.305872170955976,15.938085577163735
3550.827,0.9,1300,0.33,8.075969292713214,7.89581257349522,14.980169430647786
3550.827,0.9,1300,0.33,7.9076031330728425,7.741881750661067,14.697732569389325
3550.827,0.9,1300,0.33,8.003751348359506,7.820197858439646,14.645228300226085
3550.827,0.9,1300,0.33,8.11506501421495,7.93650918093272,14.820338993402578
3550.827,0.9,1300,0.33,7.115621411705112,6.96414678494574,12.747134361990787
3550.827,0.9,1300,0.33,6.875847858874166,6.781330670515654,12.990976451683288
3550.827,0.9,1300,0.33,7.41219230002382,7.284370892751463,14.119339831607073
3550.827,0.9,1300,0.33,8.551820827782509,8.381843057323582,15.58311967166467
3550.827,0.9,1300,0.33,7.570049663959958,7.444494318609974,13.299488437843916
3550.827,0.9,1300,0.33,7.071235108418641,6.936910276896123,13.171448754391715
3550.827,0.9,1300,0.33,9.473282011385349,9.264737460416987,17.69339194837142
3550.827,0.9,1300,0.33,6.693958347551518,6.554307086924314,11.875908033638709
3550.827,0.9,1300,0.33,7.378930348965102,7.2556508320289,13.550520548772246
3550.827,0.9,1300,0.33,7.6136050657021554,7.48646254732918,14.159442542167202
3550.827,0.9,1300,0.33,7.295109892985118,7.197467997814282,13.320499075659836
3550.827,0.9,1300,0.33,8.125610664303052,8.010878933911316,14.689024558672847
3550.827,0.9,1300,0.33,8.110604637190185,7.947489993105281,15.396427253287783
3550.827,0.9,1300,0.33,8.018554292995736,7.888826293450631,15.218848321586256
4339.899,1.1,1300,0.33,1.4984385497408048,1.4550027372034886,2.866916748638486
4339.899,1.1,1300,0.33,2.279540585967038,2.227291321603689,4.68733307804617
4339.899,1.1,1300,0.33,1.6751391673259255,1.6349042556717217,3.2751078049899927
4339.899,1.1,1300,0.33,1.2569876578833425,1.2314123324805029,2.6834415741975994
4339.899,1.1,1300,0.33,2.049177959953141,2.0193023005019746,4.409152701487344
4339.899,1.1,1300,0.33,0.22517448138928273,0.21963194586961224,0.4573051542721432
4339.899,1.1,1300,0.33,0.8396407156589245,0.8242963599700042,1.6730729502356598
4339.899,1.1,1300,0.33,0.7834269668774204,0.7712399344825994,1.6292445654159622
4339.899,1.1,1300,0.33,1.538985897603219,1.5109936405516318,3.2249983976620538
4339.899,1.1,1300,0.33,1.5569655451304643,1.5218190719806806,3.129518620814264
4339.899,1.1,1300,0.33,1.7132709774525456,1.6775300851822446,3.388100017031286
4339.899,1.1,1300,0.33,2.2836228640326435,2.2288266959030407,4.560343570648209
4339.899,1.1,1300,0.33,2.5538988559897553,2.506932675650007,5.222058708803956
4339.899,1.1,1300,0.33,2.1656770025793604,2.1082381907838164,4.180882169260366
4339.899,1.1,1300,0.33,1.2994428790136436,1.2740787442880042,2.6014246652360917
4339.899,1.1,1300,0.33,2.48141198664964,2.4329507960875,5.007051249091203
4339.899,1.1,1300,0.33,1.757048918082585,1.729961921423838,3.5407301907826487
4339.899,1.1,1300,0.33,3.3600303242403626,3.292657224529586,7.089798156069994
4339.899,1.1,1300,0.33,2.794124300567109,2.7385941643368645,5.555368396494941
4339.899,1.1,1300,0.33,1.8004219910687032,1.7716263011886224,3.6460988813164503
4339.899,1.1,1300,0.33,1.7726177489008184,1.7399688861531024,3.6403486489780628
4339.899,1.1,1300,0.33,0.9605984242740598,0.9409273301762451,1.873868706433945
4339.899,1.1,1300,0.33,1.9962829356389846,1.9650373669933356,4.3315800732712555
4339.899,1.1,1300,0.33,0.7146560471372335,0.7006613184570142,1.4545083668567713
4339.899,1.1,1300,0.33,2.2854435644568847,2.2396069568484895,4.738377117219618
4339.899,1.1,1300,0.33,0.13996952352859857,0.13700349782975768,0.2840250819728432
4339.899,1.1,1300,0.33,0.7770524763259953,0.7601794431475843,1.5749515543230432
4339.899,1.1,1300,0.33,3.746791562156421,3.68336709296,7.664282865330758
4339.899,1.1,1300,0.33,3.101676435094694,3.0398925455102694,6.142347892823538
4339.899,1.1,1300,0.33,3.3268485137879704,3.2643409560361096,6.791269650076538
4339.899,1.1,1300,0.33,0.17260024785765354,0.1694737318902903,0.3551844509913029
4339.899,1.1,1300,0.33,0.4502466235052151,0.44161811780679855,0.8766767769045797
4339.899,1.1,1300,0.33,0.5037086454352715,0.4939332075753878,0.9990487782219529
4339.899,1.1,1300,0.33,3.938073794256384,3.8854497065108866,7.900133859551967
4339.899,1.1,1300,0.33,4.42780951147841,4.34597858157897,9.05171042230576
4339.899,1.1,1300,0.33,4.688181253326136,4.605681981868004,9.718297772817426
4339.899,1.1,1300,0.33,4.679743389858256,4.599852636264414,9.279048382392208
4339.899,1.1,1300,0.33,4.152393904222051,4.08992556624163,8.798333666899238
4339.899,1.1,1300,0.33,4.3983132023481915,4.324787340142039,9.359916219828628
4339.899,1.1,1300,0.33,5.50572272832788,5.410096907298094,11.778275735601897
4339.899,1.1,1300,0.33,5.2124194018011405,5.126814437836378,10.158695286208099
4339.899,1.1,1300,0.33,4.058927579908129,3.9780903900283584,8.014177536587793
4339.899,1.1,1300,0.33,5.229487888189269,5.112968415536107,10.533053330983032
4339.899,1.1,1300,0.33,4.345279889652502,4.257731017756678,8.650195764870588
4339.899,1.1,1300,0.33,4.716777844191145,4.6448858370875685,10.135947506903955
4339.899,1.1,1300,0.33,5.732982974851909,5.63312625179297,11.448379976382899
4339.899,1.1,1300,0.33,4.374512503735991,4.29921918731741,9.08475023710235
4339.899,1.1,1300,0.33,4.316586870416358,4.232260610781126,8.911523589176792
4339.899,1.1,1300,0.33,4.767367995444496,4.695411057847784,9.949188564591259
4339.899,1.1,1300,0.33,6.028178273087421,5.875975873697038,12.083504380446211
4339.899,1.1,1300,0.33,5.942798077758004,5.837687458277698,12.03908414373407
4339.899,1.1,1300,0.33,4.649853125185503,4.5922262422855225,9.639822155587796
4339.899,1.1,1300,0.33,5.64068732122567,5.536721292616395,11.650945500041766
4339.899,1.1,1300,0.33,3.85094912156503,3.7686559336172505,7.99923842005788
4339.899,1.1,1300,0.33,4.564458458184601,4.484907225998994,9.746627306877084
4339.899,1.1,1300,0.33,5.7600803794276185,5.636585168863498,11.496064481034628
4339.899,1.1,1300,0.33,4.5363335392826825,4.437914378562387,8.77783815505593
4339.899,1.1,1300,0.33,4.85293412830562,4.788664174769963,10.471908251871744
4339.899,1.1,1300,0.33,5.253806555660671,5.149399847502722,10.460266517234759
4339.899,1.1,1300,0.33,5.932108531394192,5.832209865635223,12.193441067143466
4339.899,1.1,1300,0.33,4.936539523537977,4.847768869634312,10.349585115408866
4339.899,1.1,1300,0.33,4.047292520687275,3.976113699873068,8.368041493345643
4339.899,1.1,1300,0.33,3.8947537986844036,3.80699920999724,7.738772085950748
4339.899,1.1,1300,0.33,4.457248930070845,4.386722054075139,9.17148778844556
4339.899,1.1,1300,0.33,5.033390955691866,4.960213366648264,10.319470234158954
4339.899,1.1,1300,0.33,3.3348422536167397,3.264279993331141,6.647864495269872
4339.899,1.1,1300,0.33,7.661449832747567,7.457615595274724,15.312886988166774
4339.899,1.1,1300,0.33,9.17068800514708,9.008846711666443,19.688295407462345
4339.899,1.1,1300,0.33,7.783729001547114,7.651940652467538,16.14033953731988
4339.899,1.1,1300,0.33,8.89630366756205,8.740941159318504,18.791838703238213
4339.899,1.1,1300,0.33,8.59272447570084,8.416858249989188,17.457986647656067
4339.899,1.1,1300,0.33,6.119409915540167,6.034784786571252,12.804587132677822
4339.899,1.1,1300,0.33,9.202490771294398,9.051542806975824,19.746566622501245
4339.899,1.1,1300,0.33,8.708751858985133,8.5588886560723,17.38159751433786
4339.899,1.1,1300,0.33,7.756599472928511,7.628066264511674,15.736347986833527
4339.899,1.1,1300,0.33,7.034859192038396,6.877581447423329,14.394689585415026
4339.899,1.1,1300,0.33,7.721921471038906,7.546296035380347,16.73829498062844
4339.899,1.1,1300,0.33,8.549257396575253,8.340794285309443,17.579967418265973
4339.899,1.1,1300,0.33,8.976005853554874,8.795106517216446,19.816838566117
4339.899,1.1,1300,0.33,8.077949204654352,7.9250191102114655,16.786916724170084
4339.899,1.1,1300,0.33,8.828930897974965,8.662819927796216,17.982559822007733
4339.899,1.1,1300,0.33,8.489550366144636,8.305872170955976,17.685134811129974
4339.899,1.1,1300,0.33,8.075969292713214,7.89581257349522,16.536352220533345
4339.899,1.1,1300,0.33,7.9076031330728425,7.741881750661067,16.329704747932883
4339.899,1.1,1300,0.33,8.003751348359506,7.820197858439646,16.141884943387122
4339.899,1.1,1300,0.33,8.11506501421495,7.93650918093272,16.386697159838576
4339.899,1.1,1300,0.33,7.115621411705112,6.96414678494574,14.00228042835498
4339.899,1.1,1300,0.33,6.875847858874166,6.781330670515654,14.587129151096347
4339.899,1.1,1300,0.33,7.41219230002382,7.284370892751463,15.835786189358306
4339.899,1.1,1300,0.33,8.551820827782509,8.381843057323582,17.263562521027467
4339.899,1.1,1300,0.33,7.570049663959958,7.444494318609974,14.504773257757098
4339.899,1.1,1300,0.33,7.071235108418641,6.936910276896123,14.623018463909268
4339.899,1.1,1300,0.33,9.473282011385349,9.264737460416987,19.763152884051728
4339.899,1.1,1300,0.33,6.693958347551518,6.554307086924314,13.10537459684044
4339.899,1.1,1300,0.33,7.378930348965102,7.2556508320289,15.13588356479927
4339.899,1.1,1300,0.33,7.6136050657021554,7.48646254732918,15.847271190169595
4339.899,1.1,1300,0.33,7.295109892985118,7.197467997814282,14.729195036841354
4339.899,1.1,1300,0.33,8.125610664303052,8.010878933911316,16.130734579837718
4339.899,1.1,1300,0.33,8.110604637190185,7.947489993105281,17.353146707112476
4339.899,1.1,1300,0.33,8.018554292995736,7.888826293450631,17.001934663294918
5128.972,1.3,1300,0.33,1.4984385497408048,1.4550027372034886,3.0918033654163226
5128.972,1.3,1300,0.33,2.279540585967038,2.227291321603689,5.106057185617619
5128.972,1.3,1300,0.33,1.6751391673259255,1.6349042556717217,3.5264284399071264
5128.972,1.3,1300,0.33,1.2569876578833425,1.2314123324805029,2.9641503346801175
5128.972,1.3,1300,0.33,2.049177959953141,2.0193023005019746,4.785645644647257
5128.972,1.3,1300,0.33,0.22517448138928273,0.21963194586961224,0.4986502289369419
5128.972,1.3,1300,0.33,0.8396407156589245,0.8242963599700042,1.7997606139189926
5128.972,1.3,1300,0.33,0.7834269668774204,0.7712399344825994,1.7851239983625307
5128.972,1.3,1300,0.33,1.538985897603219,1.5109936405516318,3.5071820050772513
5128.972,1.3,1300,0.33,1.5569655451304643,1.5218190719806806,3.372591160350142
5128.972,1.3,1300,0.33,1.7132709774525456,1.6775300851822446,3.656350361198036
5128.972,1.3,1300,0.33,2.2836228640326435,2.2288266959030407,4.9662922489366155
5128.972,1.3,1300,0.33,2.5538988559897553,2.506932675650007,5.736816521711777
5128.972,1.3,1300,0.33,2.1656770025793604,2.1082381907838164,4.509107878233213
5128.972,1.3,1300,0.33,1.2994428790136436,1.2740787442880042,2.8308623871180107
5128.972,1.3,1300,0.33,2.48141198664964,2.4329507960875,5.417596161886872
5128.972,1.3,1300,0.33,1.757048918082585,1.729961921423838,3.827925192512263
5128.972,1.3,1300,0.33,3.3600303242403626,3.292657224529586,7.818749838255811
5128.972,1.3,1300,0.33,2.794124300567109,2.7385941643368645,6.035581661404453
5128.972,1.3,1300,0.33,1.8004219910687032,1.7716263011886224,3.9664960862408187
5128.972,1.3,1300,0.33,1.7726177489008184,1.7399688861531024,3.9641038787426397
5128.972,1.3,1300,0.33,0.9605984242740598,0.9409273301762451,2.0288543207482834
5128.972,1.3,1300,0.33,1.9962829356389846,1.9650373669933356,4.761008632524152
5128.972,1.3,1300,0.33,0.7146560471372335,0.7006613184570142,1.5739266545098478
5128.972,1.3,1300,0.33,2.2854435644568847,2.2396069568484895,5.176438436337361
5128.972,1.3,1300,0.33,0.13996952352859857,0.13700349782975768,0.3077704731080221
5128.972,1.3,1300,0.33,0.7770524763259953,0.7601794431475843,1.7135566910439903
5128.972,1.3,1300,0.33,3.746791562156421,3.68336709296,8.291575617891048
5128.972,1.3,1300,0.33,3.101676435094694,3.0398925455102694,6.606948334227145
5128.972,1.3,1300,0.33,3.3268485137879704,3.2643409560361096,7.415428367533826
5128.972,1.3,1300,0.33,0.17260024785765354,0.1694737318902903,0.3840436123357621
5128.972,1.3,1300,0.33,0.4502466235052151,0.44161811780679855,0.9443761716034591
5128.972,1.3,1300,0.33,0.5037086454352715,0.4939332075753878,1.0736498691122978
5128.972,1.3,1300,0.33,3.938073794256384,3.8854497065108866,8.560748592258733
5128.972,1.3,1300,0.33,4.42780951147841,4.34597858157897,9.872328508796299
5128.972,1.3,1300,0.33,4.688181253326136,4.605681981868004,10.586638822496232
5128.972,1.3,1300,0.33,4.679743389858256,4.599852636264414,9.962529097387229
5128.972,1.3,1300,0.33,4.152393904222051,4.08992556624163,9.65865090345642
5128.972,1.3,1300,0.33,4.3983132023481915,4.324787340142039,10.24652963723826
5128.972,1.3,1300,0.33,5.50572272832788,5.410096907298094,12.864011490329512
5128.972,1.3,1300,0.33,5.2124194018011405,5.126814437836378,10.974771423402746
5128.972,1.3,1300,0.33,4.058927579908129,3.9780903900283584,8.668321876687841
5128.972,1.3,1300,0.33,5.229487888189269,5.112968415536107,11.443219260454109
5128.972,1.3,1300,0.33,4.345279889652502,4.257731017756678,9.358797796579337
5128.972,1.3,1300,0.33,4.716777844191145,4.6448858370875685,11.146555272787536
5128.972,1.3,1300,0.33,5.732982974851909,5.63312625179297,12.352703675807673
5128.972,1.3,1300,0.33,4.374512503735991,4.29921918731741,9.961406616043007
5128.972,1.3,1300,0.33,4.316586870416358,4.232260610781126,9.705455840861775
5128.972,1.3,1300,0.33,4.767367995444496,4.695411057847784,10.859606641685293
5128.972,1.3,1300,0.33,6.028178273087421,5.875975873697038,13.024688554887785
5128.972,1.3,1300,0.33,5.942798077758004,5.837687458277698,13.062047286639457
5128.972,1.3,1300,0.33,4.649853125185503,4.5922262422855225,10.543094147568667
5128.972,1.3,1300,0.33,5.64068732122567,5.536721292616395,12.70389086027761
5128.972,1.3,1300,0.33,3.85094912156503,3.7686559336172505,8.878496435324282
5128.972,1.3,1300,0.33,4.564458458184601,4.484907225998994,10.667184469641306
5128.972,1.3,1300,0.33,5.7600803794276185,5.636585168863498,12.404740352834056
5128.972,1.3,1300,0.33,4.5363335392826825,4.437914378562387,9.45474980066857
5128.972,1.3,1300,0.33,4.85293412830562,4.788664174769963,11.54225989220919
5128.972,1.3,1300,0.33,5.253806555660671,5.149399847502722,11.356608829466555
5128.972,1.3,1300,0.33,5.932108531394192,5.832209865635223,13.182159801722339
5128.972,1.3,1300,0.33,4.936539523537977,4.847768869634312,11.237876844329493
5128.972,1.3,1300,0.33,4.047292520687275,3.976113699873068,9.053614916355132
5128.972,1.3,1300,0.33,3.8947537986844036,3.80699920999724,8.377934977229781
5128.972,1.3,1300,0.33,4.457248930070845,4.386722054075139,10.07814751113599
5128.972,1.3,1300,0.33,5.033390955691866,4.960213366648264,11.235191918012644
5128.972,1.3,1300,0.33,3.3348422536167397,3.264279993331141,7.15214954803524
5128.972,1.3,1300,0.33,7.661449832747567,7.457615595274724,16.565759246307632
5128.972,1.3,1300,0.33,9.17068800514708,9.008846711666443,20
5128.972,1.3,1300,0.33,7.783729001547114,7.651940652467538,17.579198822474265
5128.972,1.3,1300,0.33,8.89630366756205,8.740941159318504,20
5128.972,1.3,1300,0.33,8.59272447570084,8.416858249989188,18.734967613491836
5128.972,1.3,1300,0.33,6.119409915540167,6.034784786571252,13.963857913622528
5128.972,1.3,1300,0.33,9.202490771294398,9.051542806975824,20
5128.972,1.3,1300,0.33,8.708751858985133,8.5588886560723,18.948950088415938
5128.972,1.3,1300,0.33,7.756599472928511,7.628066264511674,16.96588261048846
5128.972,1.3,1300,0.33,7.034859192038396,6.877581447423329,15.71712643723077
5128.972,1.3,1300,0.33,7.721921471038906,7.546296035380347,18.26695147974629
5128.972,1.3,1300,0.33,8.549257396575253,8.340794285309443,19.13123877375555
5128.972,1.3,1300,0.33,8.976005853554874,8.795106517216446,20
5128.972,1.3,1300,0.33,8.077949204654352,7.9250191102114655,18.290762165508315
5128.972,1.3,1300,0.33,8.828930897974965,8.662819927796216,19.488747295531848
5128.972,1.3,1300,0.33,8.489550366144636,8.305872170955976,19.226885826900727
5128.972,1.3,1300,0.33,8.075969292713214,7.89581257349522,17.90604278102597
5128.972,1.3,1300,0.33,7.9076031330728425,7.741881750661067,17.747215579221262
5128.972,1.3,1300,0.33,8.003751348359506,7.820197858439646,17.448738601041505
5128.972,1.3,1300,0.33,8.11506501421495,7.93650918093272,17.781793861476565
5128.972,1.3,1300,0.33,7.115621411705112,6.96414678494574,15.145449137321558
5128.972,1.3,1300,0.33,6.875847858874166,6.781330670515654,16.038863634336916
5128.972,1.3,1300,0.33,7.41219230002382,7.284370892751463,17.309916710027824
5128.972,1.3,1300,0.33,8.551820827782509,8.381843057323582,18.713654162681582
5128.972,1.3,1300,0.33,7.570049663959958,7.444494318609974,15.596820905331954
5128.972,1.3,1300,0.33,7.071235108418641,6.936910276896123,15.897013071536472
5128.972,1.3,1300,0.33,9.473282011385349,9.264737460416987,20
5128.972,1.3,1300,0.33,6.693958347551518,6.554307086924314,14.218962491405284
5128.972,1.3,1300,0.33,7.378930348965102,7.2556508320289,16.55017940340953
5128.972,1.3,1300,0.33,7.6136050657021554,7.48646254732918,17.42967450011807
5128.972,1.3,1300,0.33,7.295109892985118,7.197467997814282,15.972127175379102
5128.972,1.3,1300,0.33,8.125610664303052,8.010878933911316,17.400362958183752
5128.972,1.3,1300,0.33,8.110604637190185,7.947489993105281,19.07344365401858
5128.972,1.3,1300,0.33,8.018554292995736,7.888826293450631,18.568671827607478
5918.044,1.5,1300,0.33,1.4984385497408048,1.4550027372034886,3.3042628421314757
5918.044,1.5,1300,0.33,2.279540585967038,2.227291321603689,5.49127530248334
5918.044,1.5,1300,0.33,1.6751391673259255,1.6349042556717217,3.753691701102496
5918.044,1.5,1300,0.33,1.2569876578833425,1.2314123324805029,3.2234419860349064
5918.044,1.5,1300,0.33,2.049177959953141,2.0193023005019746,5.112112599512398
5918.044,1.5,1300,0.33,0.22517448138928273,0.21963194586961224,0.5372447047516165
5918.044,1.5,1300,0.33,0.8396407156589245,0.8242963599700042,1.9130432532833663
5918.044,1.5,1300,0.33,0.7834269668774204,0.7712399344825994,1.9306431688604224
5918.044,1.5,1300,0.33,1.538985897603219,1.5109936405516318,3.753185583426845
5918.044,1.5,1300,0.33,1.5569655451304643,1.5218190719806806,3.5808937166046797
5918.044,1.5,1300,0.33,1.7132709774525456,1.6775300851822446,3.904568149188852
5918.044,1.5,1300,0.33,2.2836228640326435,2.2288266959030407,5.336574033426594
5918.044,1.5,1300,0.33,2.5538988559897553,2.506932675650007,6.218170733181649
5918.044,1.5,1300,0.33,2.1656770025793604,2.1082381907838164,4.808792676301177
5918.044,1.5,1300,0.33,1.2994428790136436,1.2740787442880042,3.0443345127096597
5918.044,1.5,1300,0.33,2.48141198664964,2.4329507960875,5.7846348002245565
5918.044,1.5,1300,0.33,1.757048918082585,1.729961921423838,4.084438209964391
5918.044,1.5,1300,0.33,3.3600303242403626,3.292657224529586,8.499609616618496
5918.044,1.5,1300,0.33,2.794124300567109,2.7385941643368645,6.4785367286719024
5918.044,1.5,1300,0.33,1.8004219910687032,1.7716263011886224,4.2607055434972
5918.044,1.5,1300,0.33,1.7726177489008184,1.7399688861531024,4.254390483833886
5918.044,1.5,1300,0.33,0.9605984242740598,0.9409273301762451,2.1671861211471044
5918.044,1.5,1300,0.33,1.9962829356389846,1.9650373669933356,5.150952550091052
5918.044,1.5,1300,0.33,0.7146560471372335,0.7006613184570142,1.6805507542559812
5918.044,1.5,1300,0.33,2.2854435644568847,2.2396069568484895,5.563426276699522
5918.044,1.5,1300,0.33,0.13996952352859857,0.13700349782975768,0.32830598888713947
5918.044,1.5,1300,0.33,0.7770524763259953,0.7601794431475843,1.8364073453329532
5918.044,1.5,1300,0.33,3.746791562156421,3.68336709296,8.833605709838706
5918.044,1.5,1300,0.33,3.101676435094694,3.0398925455102694,7.00879524681068
5918.044,1.5,1300,0.33,3.3268485137879704,3.2643409560361096,7.976608140505407
5918.044,1.5,1300,0.33,0.17260024785765354,0.1694737318902903,0.4094603556023228
5918.044,1.5,1300,0.33,0.4502466235052151,0.44161811780679855,1.00331905699633
5918.044,1.5,1300,0.33,0.5037086454352715,0.4939332075753878,1.1412917207864703
5918.044,1.5,1300,0.33,3.938073794256384,3.8854497065108866,9.182716524937844
5918.044,1.5,1300,0.33,4.42780951147841,4.34597858157897,10.6365112424087
5918.044,1.5,1300,0.33,4.688181253326136,4.605681981868004,11.362396047163925
5918.044,1.5,1300,0.33,4.679743389858256,4.599852636264414,10.558120381872266
5918.044,1.5,1300,0.33,4.152393904222051,4.08992556624163,10.447998834215145
5918.044,1.5,1300,0.33,4.3983132023481915,4.324787340142039,11.060778805344494
5918.044,1.5,1300,0.33,5.50572272832788,5.410096907298094,13.839104729406994
5918.044,1.5,1300,0.33,5.2124194018011405,5.126814437836378,11.722385414207437
5918.044,1.5,1300,0.33,4.058927579908129,3.9780903900283584,9.266767651034078
5918.044,1.5,1300,0.33,5.229487888189269,5.112968415536107,12.294926819706632
5918.044,1.5,1300,0.33,4.345279889652502,4.257731017756678,9.998528048771771
5918.044,1.5,1300,0.33,4.716777844191145,4.6448858370875685,12.058285317881541
5918.044,1.5,1300,0.33,5.732982974851909,5.63312625179297,13.192777604694204
5918.044,1.5,1300,0.33,4.374512503735991,4.29921918731741,10.776671288844188
5918.044,1.5,1300,0.33,4.316586870416358,4.232260610781126,10.41139527151394
5918.044,1.5,1300,0.33,4.767367995444496,4.695411057847784,11.70210835675394
5918.044,1.5,1300,0.33,6.028178273087421,5.875975873697038,13.85178953556597
5918.044,1.5,1300,0.33,5.942798077758004,5.837687458277698,13.995731877901745
5918.044,1.5,1300,0.33,4.649853125185503,4.5922262422855225,11.372157459114982
5918.044,1.5,1300,0.33,5.64068732122567,5.536721292616395,13.650152713121301
5918.044,1.5,1300,0.33,3.85094912156503,3.7686559336172505,9.716137016591805
5918.044,1.5,1300,0.33,4.564458458184601,4.484907225998994,11.473550626200698
5918.044,1.5,1300,0.33,5.7600803794276185,5.636585168863498,13.24790342013837
5918.044,1.5,1300,0.33,4.5363335392826825,4.437914378562387,10.02778583301913
5918.044,1.5,1300,0.33,4.85293412830562,4.788664174769963,12.533745797994824
5918.044,1.5,1300,0.33,5.253806555660671,5.149399847502722,12.176193808225824
5918.044,1.5,1300,0.33,5.932108531394192,5.832209865635223,14.055537450695205
5918.044,1.5,1300,0.33,4.936539523537977,4.847768869634312,12.025568867508325
5918.044,1.5,1300,0.33,4.047292520687275,3.976113699873068,9.662631963386401
5918.044,1.5,1300,0.33,3.8947537986844036,3.80699920999724,8.960440251071521
5918.044,1.5,1300,0.33,4.457248930070845,4.386722054075139,10.934467876878694
5918.044,1.5,1300,0.33,5.033390955691866,4.960213366648264,12.025130820657116
5918.044,1.5,1300,0.33,3.3348422536167397,3.264279993331141,7.60388677512629
5918.044,1.5,1300,0.33,7.661449832747567,7.457615595274724,17.689008170113052
5918.044,1.5,1300,0.33,9.17068800514708,9.008846711666443,20
5918.044,1.5,1300,0.33,7.783729001547114,7.651940652467538,18.84248479898899
5918.044,1.5,1300,0.33,8.89630366756205,8.740941159318504,20
5918.044,1.5,1300,0.33,8.59272447570084,8.416858249989188,19.841532447131463
5918.044,1.5,1300,0.33,6.119409915540167,6.034784786571252,15.021076834500668
5918.044,1.5,1300,0.33,9.202490771294398,9.051542806975824,20
5918.044,1.5,1300,0.33,8.708751858985133,8.5588886560723,20
5918.044,1.5,1300,0.33,7.756599472928511,7.628066264511674,18.070370754771414
5918.044,1.5,1300,0.33,7.034859192038396,6.877581447423329,16.941378225592512
5918.044,1.5,1300,0.33,7.721921471038906,7.546296035380347,19.64943345884804
5918.044,1.5,1300,0.33,8.549257396575253,8.340794285309443,20
5918.044,1.5,1300,0.33,8.976005853554874,8.795106517216446,20
5918.044,1.5,1300,0.33,8.077949204654352,7.9250191102114655,19.626367161996058
5918.044,1.5,1300,0.33,8.828930897974965,8.662819927796216,20
5918.044,1.5,1300,0.33,8.489550366144636,8.305872170955976,20
5918.044,1.5,1300,0.33,8.075969292713214,7.89581257349522,19.128578545725425
5918.044,1.5,1300,0.33,7.9076031330728425,7.741881750661067,19.02947145616762
5918.044,1.5,1300,0.33,8.003751348359506,7.820197858439646,18.609166321688242
5918.044,1.5,1300,0.33,8.11506501421495,7.93650918093272,19.067338877325593
5918.044,1.5,1300,0.33,7.115621411705112,6.96414678494574,16.213233437403595
5918.044,1.5,1300,0.33,6.875847858874166,6.781330670515654,17.358021769691756
5918.044,1.5,1300,0.33,7.41219230002382,7.284370892751463,18.608979602320556
5918.044,1.5,1300,0.33,8.551820827782509,8.381843057323582,20
5918.044,1.5,1300,0.33,7.570049663959958,7.444494318609974,16.609947751154046
5918.044,1.5,1300,0.33,7.071235108418641,6.936910276896123,17.03628751147772
5918.044,1.5,1300,0.33,9.473282011385349,9.264737460416987,20
5918.044,1.5,1300,0.33,6.693958347551518,6.554307086924314,15.229772392369021
5918.044,1.5,1300,0.33,7.378930348965102,7.2556508320289,17.81061510971937
5918.044,1.5,1300,0.33,7.6136050657021554,7.48646254732918,18.931582707950597
5918.044,1.5,1300,0.33,7.295109892985118,7.197467997814282,17.128597325639983
5918.044,1.5,1300,0.33,8.125610664303052,8.010878933911316,18.527046605040887
5918.044,1.5,1300,0.33,8.110604637190185,7.947489993105281,20
5918.044,1.5,1300,0.33,8.018554292995736,7.888826293450631,19.976366282761283
6707.117,1.7,1300,0.33,1.4984385497408048,1.4550027372034886,3.498270479422801
6707.117,1.7,1300,0.33,2.279540585967038,2.227291321603689,5.846316474691477
6707.117,1.7,1300,0.33,1.6751391673259255,1.6349042556717217,3.961638898450252
6707.117,1.7,1300,0.33,1.2569876578833425,1.2314123324805029,3.4689715502269407
6707.117,1.7,1300,0.33,2.049177959953141,2.0193023005019746,5.3979101348812
6707.117,1.7,1300,0.33,0.22517448138928273,0.21963194586961224,0.5724580599500955
6707.117,1.7,1300,0.33,0.8396407156589245,0.8242963599700042,2.016849633995211
6707.117,1.7,1300,0.33,0.7834269668774204,0.7712399344825994,2.0632147548694073
6707.117,1.7,1300,0.33,1.538985897603219,1.5109936405516318,3.9777313853200185
6707.117,1.7,1300,0.33,1.5569655451304643,1.5218190719806806,3.7596210319553487
6707.117,1.7,1300,0.33,1.7132709774525456,1.6775300851822446,4.134583124005151
6707.117,1.7,1300,0.33,2.2836228640326435,2.2288266959030407,5.674576152695092
6707.117,1.7,1300,0.33,2.5538988559897553,2.506932675650007,6.663298737673057
6707.117,1.7,1300,0.33,2.1656770025793604,2.1082381907838164,5.093265848192894
6707.117,1.7,1300,0.33,1.2994428790136436,1.2740787442880042,3.25072529142824
6707.117,1.7,1300,0.33,2.48141198664964,2.4329507960875,6.115497627414236
6707.117,1.7,1300,0.33,1.757048918082585,1.729961921423838,4.3143341954357854
6707.117,1.7,1300,0.33,3.3600303242403626,3.292657224529586,9.12728955291584
6707.117,1.7,1300,0.33,2.794124300567109,2.7385941643368645,6.8949397979512135
6707.117,1.7,1300,0.33,1.8004219910687032,1.7716263011886224,4.533406622566787
6707.117,1.7,1300,0.33,1.7726177489008184,1.7399688861531024,4.516634880645474
6707.117,1.7,1300,0.33,0.9605984242740598,0.9409273301762451,2.2908250528953507
6707.117,1.7,1300,0.33,1.9962829356389846,1.9650373669933356,5.505972166773034
6707.117,1.7,1300,0.33,0.7146560471372335,0.7006613184570142,1.7750480800590054
6707.117,1.7,1300,0.33,2.2854435644568847,2.2396069568484895,5.907026408482002
6707.117,1.7,1300,0.33,0.13996952352859857,0.13700349782975768,0.34617455663695157
6707.117,1.7,1300,0.33,0.7770524763259953,0.7601794431475843,1.9457756185871862
6707.117,1.7,1300,0.33,3.746791562156421,3.68336709296,9.31264046070537
6707.117,1.7,1300,0.33,3.101676435094694,3.0398925455102694,7.365099019007926
6707.117,1.7,1300,0.33,3.3268485137879704,3.2643409560361096,8.494671566618264
6707.117,1.7,1300,0.33,0.17260024785765354,0.1694737318902903,0.4328726189213553
6707.117,1.7,1300,0.33,0.4502466235052151,0.44161811780679855,1.0549632188228433
6707.117,1.7,1300,0.33,0.5037086454352715,0.4939332075753878,1.203647854507163
6707.117,1.7,1300,0.33,3.938073794256384,3.8854497065108866,9.763367455980942
6707.117,1.7,1300,0.33,4.42780951147841,4.34597858157897,11.343473530543305
6707.117,1.7,1300,0.33,4.688181253326136,4.605681981868004,12.080220518794912
6707.117,1.7,1300,0.33,4.679743389858256,4.599852636264414,11.102214689524613
6707.117,1.7,1300,0.33,4.152393904222051,4.08992556624163,11.206067536260512
6707.117,1.7,1300,0.33,4.3983132023481915,4.324787340142039,11.818555505300743
6707.117,1.7,1300,0.33,5.50572272832788,5.410096907298094,14.718318779083834
6707.117,1.7,1300,0.33,5.2124194018011405,5.126814437836378,12.406185268024954
6707.117,1.7,1300,0.33,4.058927579908129,3.9780903900283584,9.814659058196384
6707.117,1.7,1300,0.33,5.229487888189269,5.112968415536107,13.089072783453982
6707.117,1.7,1300,0.33,4.345279889652502,4.257731017756678,10.58563060180721
6707.117,1.7,1300,0.33,4.716777844191145,4.6448858370875685,12.903216330780973
6707.117,1.7,1300,0.33,5.732982974851909,5.63312625179297,13.926840748312578
6707.117,1.7,1300,0.33,4.374512503735991,4.29921918731741,11.571922876817986
6707.117,1.7,1300,0.33,4.316586870416358,4.232260610781126,11.057701090458721
6707.117,1.7,1300,0.33,4.767367995444496,4.695411057847784,12.481008955234415
6707.117,1.7,1300,0.33,6.028178273087421,5.875975873697038,14.59501882444638
6707.117,1.7,1300,0.33,5.942798077758004,5.837687458277698,14.862266352764568
6707.117,1.7,1300,0.33,4.649853125185503,4.5922262422855225,12.153022632190075
6707.117,1.7,1300,0.33,5.64068732122567,5.536721292616395,14.532343404730172
6707.117,1.7,1300,0.33,3.85094912156503,3.7686559336172505,10.518876531226079
6707.117,1.7,1300,0.33,4.564458458184601,4.484907225998994,12.209270424301573
6707.117,1.7,1300,0.33,5.7600803794276185,5.636585168863498,14.010948206825576
6707.117,1.7,1300,0.33,4.5363335392826825,4.437914378562387,10.536989496014408
6707.117,1.7,1300,0.33,4.85293412830562,4.788664174769963,13.477334215562607
6707.117,1.7,1300,0.33,5.253806555660671,5.149399847502722,12.963918483699732
6707.117,1.7,1300,0.33,5.932108531394192,5.832209865635223,14.848334055332193
6707.117,1.7,1300,0.33,4.936539523537977,4.847768869634312,12.756959209050434
6707.117,1.7,1300,0.33,4.047292520687275,3.976113699873068,10.210796738678457
6707.117,1.7,1300,0.33,3.8947537986844036,3.80699920999724,9.509038289302698
6707.117,1.7,1300,0.33,4.457248930070845,4.386722054075139,11.755190809567232
6707.117,1.7,1300,0.33,5.033390955691866,4.960213366648264,12.703464556121201
6707.117,1.7,1300,0.33,3.3348422536167397,3.264279993331141,8.010907361414908
6707.117,1.7,1300,0.33,7.661449832747567,7.457615595274724,18.72238204352569
6707.117,1.7,1300,0.33,9.17068800514708,9.008846711666443,20
6707.117,1.7,1300,0.33,7.783729001547114,7.651940652467538,19.944951452582036
6707.117,1.7,1300,0.33,8.89630366756205,8.740941159318504,20
6707.117,1.7,1300,0.33,8.59272447570084,8.416858249989188,20
6707.117,1.7,1300,0.33,6.119409915540167,6.034784786571252,15.992078694224187
6707.117,1.7,1300,0.33,9.202490771294398,9.051542806975824,20
6707.117,1.7,1300,0.33,8.708751858985133,8.5588886560723,20
6707.117,1.7,1300,0.33,7.756599472928511,7.628066264511674,19.04788800218158
6707.117,1.7,1300,0.33,7.034859192038396,6.877581447423329,18.072879972208995
6707.117,1.7,1300,0.33,7.721921471038906,7.546296035380347,20
6707.117,1.7,1300,0.33,8.549257396575253,8.340794285309443,20
6707.117,1.7,1300,0.33,8.976005853554874,8.795106517216446,20
6707.117,1.7,1300,0.33,8.077949204654352,7.9250191102114655,20
6707.117,1.7,1300,0.33,8.828930897974965,8.662819927796216,20
6707.117,1.7,1300,0.33,8.489550366144636,8.305872170955976,20
6707.117,1.7,1300,0.33,8.075969292713214,7.89581257349522,20
6707.117,1.7,1300,0.33,7.9076031330728425,7.741881750661067,20
6707.117,1.7,1300,0.33,8.003751348359506,7.820197858439646,19.647612552282197
6707.117,1.7,1300,0.33,8.11506501421495,7.93650918093272,20
6707.117,1.7,1300,0.33,7.115621411705112,6.96414678494574,17.213788342319425
6707.117,1.7,1300,0.33,6.875847858874166,6.781330670515654,18.581012207839546
6707.117,1.7,1300,0.33,7.41219230002382,7.284370892751463,19.783294771056738
6707.117,1.7,1300,0.33,8.551820827782509,8.381843057323582,20
6707.117,1.7,1300,0.33,7.570049663959958,7.444494318609974,17.584882967242276
6707.117,1.7,1300,0.33,7.071235108418641,6.936910276896123,18.065064587324176
6707.117,1.7,1300,0.33,9.473282011385349,9.264737460416987,20
6707.117,1.7,1300,0.33,6.693958347551518,6.554307086924314,16.13541584026149
6707.117,1.7,1300,0.33,7.378930348965102,7.2556508320289,18.969138491484134
6707.117,1.7,1300,0.33,7.6136050657021554,7.48646254732918,20
6707.117,1.7,1300,0.33,7.295109892985118,7.197467997814282,18.19430342720287
6707.117,1.7,1300,0.33,8.125610664303052,8.010878933911316,19.555337026167262
6707.117,1.7,1300,0.33,8.110604637190185,7.947489993105281,20
6707.117,1.7,1300,0.33,8.018554292995736,7.888826293450631,20
7496.189,1.9,1300,0.33,1.4984385497408048,1.4550027372034886,3.6788981180047116
7496.189,1.9,1300,0.33,2.279540585967038,2.227291321603689,6.18656566880975
7496.189,1.9,1300,0.33,1.6751391673259255,1.6349042556717217,4.158312356633492
7496.189,1.9,1300,0.33,1.2569876578833425,1.2314123324805029,3.710833790660525
7496.189,1.9,1300,0.33,2.049177959953141,2.0193023005019746,5.6593177574822136
7496.189,1.9,1300,0.33,0.22517448138928273,0.21963194586961224,0.6048642977379312
7496.189,1.9,1300,0.33,0.8396407156589245,0.8242963599700042,2.1096436923307116
7496.189,1.9,1300,0.33,0.7834269668774204,0.7712399344825994,2.188276344942981
7496.189,1.9,1300,0.33,1.538985897603219,1.5109936405516318,4.1888166340282815
7496.189,1.9,1300,0.33,1.5569655451304643,1.5218190719806806,3.9177291450977867
7496.189,1.9,1300,0.33,1.7132709774525456,1.6775300851822446,4.3516686087427034
7496.189,1.9,1300,0.33,2.2836228640326435,2.2288266959030407,5.994703347190408
7496.189,1.9,1300,0.33,2.5538988559897553,2.506932675650007,7.077454396115238
7496.189,1.9,1300,0.33,2.1656770025793604,2.1082381907838164,5.369799489316734
7496.189,1.9,1300,0.33,1.2994428790136436,1.2740787442880042,3.4479443669622416
7496.189,1.9,1300,0.33,2.48141198664964,2.4329507960875,6.420455277466066
7496.189,1.9,1300,0.33,1.757048918082585,1.729961921423838,4.522808626368047
7496.189,1.9,1300,0.33,3.3600303242403626,3.292657224529586,9.717235057929777
7496.189,1.9,1300,0.33,2.794124300567109,2.7385941643368645,7.28010833053069
7496.189,1.9,1300,0.33,1.8004219910687032,1.7716263011886224,4.785330303931271
7496.189,1.9,1300,0.33,1.7726177489008184,1.7399688861531024,4.748798707465953
7496.189,1.9,1300,0.33,0.9605984242740598,0.9409273301762451,2.4022591194029284
7496.189,1.9,1300,0.33,1.9962829356389846,1.9650373669933356,5.840503343917704
7496.189,1.9,1300,0.33,0.7146560471372335,0.7006613184570142,1.8588118493730266
7496.189,1.9,1300,0.33,2.2854435644568847,2.2396069568484895,6.222487182528114
7496.189,1.9,1300,0.33,0.13996952352859857,0.13700349782975768,0.36200177577777787
7496.189,1.9,1300,0.33,0.7770524763259953,0.7601794431475843,2.0444633872159623
7496.189,1.9,1300,0.33,3.746791562156421,3.68336709296,9.739313943936818
7496.189,1.9,1300,0.33,3.101676435094694,3.0398925455102694,7.680619043964174
7496.189,1.9,1300,0.33,3.3268485137879704,3.2643409560361096,8.975340113690493
7496.189,1.9,1300,0.33,0.17260024785765354,0.1694737318902903,0.4540785551797113
7496.189,1.9,1300,0.33,0.4502466235052151,0.44161811780679855,1.1016806677433502
7496.189,1.9,1300,0.33,0.5037086454352715,0.4939332075753878,1.2620037135001831
7496.189,1.9,1300,0.33,3.938073794256384,3.8854497065108866,10.311702118772706
7496.189,1.9,1300,0.33,4.42780951147841,4.34597858157897,12.004782652800133
7496.189,1.9,1300,0.33,4.688181253326136,4.605681981868004,12.743481827818249
7496.189,1.9,1300,0.33,4.679743389858256,4.599852636264414,11.58865397476157
7496.189,1.9,1300,0.33,4.152393904222051,4.08992556624163,11.92241193499478
7496.189,1.9,1300,0.33,4.3983132023481915,4.324787340142039,12.513664888680331
7496.189,1.9,1300,0.33,5.50572272832788,5.410096907298094,15.528598818419994
7496.189,1.9,1300,0.33,5.2124194018011405,5.126814437836378,13.02928795421218
7496.189,1.9,1300,0.33,4.058927579908129,3.9780903900283584,10.318541423239312
7496.189,1.9,1300,0.33,5.229487888189269,5.112968415536107,13.823527176286586
7496.189,1.9,1300,0.33,4.345279889652502,4.257731017756678,11.154878584269866
7496.189,1.9,1300,0.33,4.716777844191145,4.6448858370875685,13.709500290433226
7496.189,1.9,1300,0.33,5.732982974851909,5.63312625179297,14.590940175392385
7496.189,1.9,1300,0.33,4.374512503735991,4.29921918731741,12.352989468820883
7496.189,1.9,1300,0.33,4.316586870416358,4.232260610781126,11.648134965936693
7496.189,1.9,1300,0.33,4.767367995444496,4.695411057847784,13.196413744820344
7496.189,1.9,1300,0.33,6.028178273087421,5.875975873697038,15.279036099094188
7496.189,1.9,1300,0.33,5.942798077758004,5.837687458277698,15.683381213545141
7496.189,1.9,1300,0.33,4.649853125185503,4.5922262422855225,12.886724948794345
7496.189,1.9,1300,0.33,5.64068732122567,5.536721292616395,15.34794875085908
7496.189,1.9,1300,0.33,3.85094912156503,3.7686559336172505,11.286154781252513
7496.189,1.9,1300,0.33,4.564458458184601,4.484907225998994,12.87485169693437
7496.189,1.9,1300,0.33,5.7600803794276185,5.636585168863498,14.708305031234094
7496.189,1.9,1300,0.33,4.5363335392826825,4.437914378562387,11.005973199570457
7496.189,1.9,1300,0.33,4.85293412830562,4.788664174769963,14.34946926971207
7496.189,1.9,1300,0.33,5.253806555660671,5.149399847502722,13.699413393078089
7496.189,1.9,1300,0.33,5.932108531394192,5.832209865635223,15.566100329678433
7496.189,1.9,1300,0.33,4.936539523537977,4.847768869634312,13.435555138703531
7496.189,1.9,1300,0.33,4.047292520687275,3.976113699873068,10.723631618921326
7496.189,1.9,1300,0.33,3.8947537986844036,3.80699920999724,10.024118837400382
7496.189,1.9,1300,0.33,4.457248930070845,4.386722054075139,12.542225308547206
7496.189,1.9,1300,0.33,5.033390955691866,4.960213366648264,13.305422303087266
7496.189,1.9,1300,0.33,3.3348422536167397,3.264279993331141,8.392719048265926
7496.189,1.9,1300,0.33,7.661449832747567,7.457615595274724,19.6971857336192
7496.189,1.9,1300,0.33,9.17068800514708,9.008846711666443,20
7496.189,1.9,1300,0.33,7.783729001547114,7.651940652467538,20
7496.189,1.9,1300,0.33,8.89630366756205,8.740941159318504,20
7496.189,1.9,1300,0.33,8.59272447570084,8.416858249989188,20
7496.189,1.9,1300,0.33,6.119409915540167,6.034784786571252,16.885598399210302
7496.189,1.9,1300,0.33,9.202490771294398,9.051542806975824,20
7496.189,1.9,1300,0.33,8.708751858985133,8.5588886560723,20
7496.189,1.9,1300,0.33,7.756599472928511,7.628066264511674,19.944817125685685
7496.189,1.9,1300,0.33,7.034859192038396,6.877581447423329,19.149088082072147
7496.189,1.9,1300,0.33,7.721921471038906,7.546296035380347,20
7496.189,1.9,1300,0.33,8.549257396575253,8.340794285309443,20
7496.189,1.9,1300,0.33,8.976005853554874,8.795106517216446,20
7496.189,1.9,1300,0.33,8.077949204654352,7.9250191102114655,20
7496.189,1.9,1300,0.33,8.828930897974965,8.662819927796216,20
7496.189,1.9,1300,0.33,8.489550366144636,8.305872170955976,20
7496.189,1.9,1300,0.33,8.075969292713214,7.89581257349522,20
7496.189,1.9,1300,0.33,7.9076031330728425,7.741881750661067,20
7496.189,1.9,1300,0.33,8.003751348359506,7.820197858439646,20
7496.189,1.9,1300,0.33,8.11506501421495,7.93650918093272,20
7496.189,1.9,1300,0.33,7.115621411705112,6.96414678494574,18.204847758802124
7496.189,1.9,1300,0.33,6.875847858874166,6.781330670515654,19.72300090447962
7496.189,1.9,1300,0.33,7.41219230002382,7.284370892751463,20
7496.189,1.9,1300,0.33,8.551820827782509,8.381843057323582,20
7496.189,1.9,1300,0.33,7.570049663959958,7.444494318609974,18.52726306181946
7496.189,1.9,1300,0.33,7.071235108418641,6.936910276896123,19.01102095810858
7496.189,1.9,1300,0.33,9.473282011385349,9.264737460416987,20
7496.189,1.9,1300,0.33,6.693958347551518,6.554307086924314,16.961846395547475
7496.189,1.9,1300,0.33,7.378930348965102,7.2556508320289,20
7496.189,1.9,1300,0.33,7.6136050657021554,7.48646254732918,20
7496.189,1.9,1300,0.33,7.295109892985118,7.197467997814282,19.197156693809312
7496.189,1.9,1300,0.33,8.125610664303052,8.010878933911316,20
7496.189,1.9,1300,0.33,8.110604637190185,7.947489993105281,20
7496.189,1.9,1300,0.33,8.018554292995736,7.888826293450631,20
8285.262,2.1,1300,0.33,1.4984385497408048,1.4550027372034886,3.8509030570783502
8285.262,2.1,1300,0.33,2.279540585967038,2.227291321603689,6.5185111920417285
8285.262,2.1,1300,0.33,1.6751391673259255,1.6349042556717217,4.351725419850911
8285.262,2.1,1300,0.33,1.2569876578833425,1.2314123324805029,3.943358977406297
8285.262,2.1,1300,0.33,2.049177959953141,2.0193023005019746,5.8940039444284125
8285.262,2.1,1300,0.33,0.22517448138928273,0.21963194586961224,0.6348599755309497
8285.262,2.1,1300,0.33,0.8396407156589245,0.8242963599700042,2.1954140765927375
8285.262,2.1,1300,0.33,0.7834269668774204,0.7712399344825994,2.306764926446816
8285.262,2.1,1300,0.33,1.538985897603219,1.5109936405516318,4.388402888421188
8285.262,2.1,1300,0.33,1.5569655451304643,1.5218190719806806,4.0562481949114195
8285.262,2.1,1300,0.33,1.7132709774525456,1.6775300851822446,4.558792194067023
8285.262,2.1,1300,0.33,2.2836228640326435,2.2288266959030407,6.29385679100164
8285.262,2.1,1300,0.33,2.5538988559897553,2.506932675650007,7.460101963568712
8285.262,2.1,1300,0.33,2.1656770025793604,2.1082381907838164,5.64817420952658
8285.262,2.1,1300,0.33,1.2994428790136436,1.2740787442880042,3.6351531394980423
8285.262,2.1,1300,0.33,2.48141198664964,2.4329507960875,6.703523969883631
8285.262,2.1,1300,0.33,1.757048918082585,1.729961921423838,4.715982764673942
8285.262,2.1,1300,0.33,3.3600303242403626,3.292657224529586,10.27183872066868
8285.262,2.1,1300,0.33,2.794124300567109,2.7385941643368645,7.638805357855347
8285.262,2.1,1300,0.33,1.8004219910687032,1.7716263011886224,5.023596035894599
8285.262,2.1,1300,0.33,1.7726177489008184,1.7399688861531024,4.9610714938107625
8285.262,2.1,1300,0.33,0.9605984242740598,0.9409273301762451,2.504942743461737
8285.262,2.1,1300,0.33,1.9962829356389846,1.9650373669933356,6.163265868083983
8285.262,2.1,1300,0.33,0.7146560471372335,0.7006613184570142,1.9348888290306359
8285.262,2.1,1300,0.33,2.2854435644568847,2.2396069568484895,6.516023053398076
8285.262,2.1,1300,0.33,0.13996952352859857,0.13700349782975768,0.37591454357434073
8285.262,2.1,1300,0.33,0.7770524763259953,0.7601794431475843,2.1313769424599514
8285.262,2.1,1300,0.33,3.746791562156421,3.68336709296,10.140048549799754
8285.262,2.1,1300,0.33,3.101676435094694,3.0398925455102694,7.973213695654144
8285.262,2.1,1300,0.33,3.3268485137879704,3.2643409560361096,9.419574262787359
8285.262,2.1,1300,0.33,0.17260024785765354,0.1694737318902903,0.4740338899100281
8285.262,2.1,1300,0.33,0.4502466235052151,0.44161811780679855,1.143669193033194
8285.262,2.1,1300,0.33,0.5037086454352715,0.4939332075753878,1.3169311409156057
8285.262,2.1,1300,0.33,3.938073794256384,3.8854497065108866,10.828180715478437
8285.262,2.1,1300,0.33,4.42780951147841,4.34597858157897,12.641126216184965
8285.262,2.1,1300,0.33,4.688181253326136,4.605681981868004,13.362804318042675
8285.262,2.1,1300,0.33,4.679743389858256,4.599852636264414,12.031041496655424
8285.262,2.1,1300,0.33,4.152393904222051,4.08992556624163,12.59552691378061
8285.262,2.1,1300,0.33,4.3983132023481915,4.324787340142039,13.169275789478952
8285.262,2.1,1300,0.33,5.50572272832788,5.410096907298094,16.269688173167665
8285.262,2.1,1300,0.33,5.2124194018011405,5.126814437836378,13.610315866949632
8285.262,2.1,1300,0.33,4.058927579908129,3.9780903900283584,10.775320531893012
8285.262,2.1,1300,0.33,5.229487888189269,5.112968415536107,14.509399078650475
8285.262,2.1,1300,0.33,4.345279889652502,4.257731017756678,11.699681776232296
8285.262,2.1,1300,0.33,4.716777844191145,4.6448858370875685,14.46226660151065
8285.262,2.1,1300,0.33,5.732982974851909,5.63312625179297,15.203345888808542
8285.262,2.1,1300,0.33,4.374512503735991,4.29921918731741,13.104746855859311
8285.262,2.1,1300,0.33,4.316586870416358,4.232260610781126,12.193953803462152
8285.262,2.1,1300,0.33,4.767367995444496,4.695411057847784,13.855332250126828
8285.262,2.1,1300,0.33,6.028178273087421,5.875975873697038,15.913493613190905
8285.262,2.1,1300,0.33,5.942798077758004,5.837687458277698,16.469191962588372
8285.262,2.1,1300,0.33,4.649853125185503,4.5922262422855225,13.579016629965613
8285.262,2.1,1300,0.33,5.64068732122567,5.536721292616395,16.10471245848702
8285.262,2.1,1300,0.33,3.85094912156503,3.7686559336172505,12.024023595646376
8285.262,2.1,1300,0.33,4.564458458184601,4.484907225998994,13.489161408007936
8285.262,2.1,1300,0.33,5.7600803794276185,5.636585168863498,15.356904347796014
8285.262,2.1,1300,0.33,4.5363335392826825,4.437914378562387,11.443251242268639
8285.262,2.1,1300,0.33,4.85293412830562,4.788664174769963,15.176440443685983
8285.262,2.1,1300,0.33,5.253806555660671,5.149399847502722,14.410801540454115
8285.262,2.1,1300,0.33,5.932108531394192,5.832209865635223,16.234912256017736
8285.262,2.1,1300,0.33,4.936539523537977,4.847768869634312,14.063507270435618
8285.262,2.1,1300,0.33,4.047292520687275,3.976113699873068,11.19319268408965
8285.262,2.1,1300,0.33,3.8947537986844036,3.80699920999724,10.511232444567922
8285.262,2.1,1300,0.33,4.457248930070845,4.386722054075139,13.292134180249333
8285.262,2.1,1300,0.33,5.033390955691866,4.960213366648264,13.852457452848622
8285.262,2.1,1300,0.33,3.3348422536167397,3.264279993331141,8.753338032913542
8285.262,2.1,1300,0.33,7.661449832747567,7.457615595274724,20
8285.262,2.1,1300,0.33,9.17068800514708,9.008846711666443,20
8285.262,2.1,1300,0.33,7.783729001547114,7.651940652467538,20
8285.262,2.1,1300,0.33,8.89630366756205,8.740941159318504,20
8285.262,2.1,1300,0.33,8.59272447570084,8.416858249989188,20
8285.262,2.1,1300,0.33,6.119409915540167,6.034784786571252,17.720915170226927
8285.262,2.1,1300,0.33,9.202490771294398,9.051542806975824,20
8285.262,2.1,1300,0.33,8.708751858985133,8.5588886560723,20
8285.262,2.1,1300,0.33,7.756599472928511,7.628066264511674,20
8285.262,2.1,1300,0.33,7.034859192038396,6.877581447423329,20
8285.262,2.1,1300,0.33,7.721921471038906,7.546296035380347,20
8285.262,2.1,1300,0.33,8.549257396575253,8.340794285309443,20
8285.262,2.1,1300,0.33,8.976005853554874,8.795106517216446,20
8285.262,2.1,1300,0.33,8.077949204654352,7.9250191102114655,20
8285.262,2.1,1300,0.33,8.828930897974965,8.662819927796216,20
8285.262,2.1,1300,0.33,8.489550366144636,8.305872170955976,20
8285.262,2.1,1300,0.33,8.075969292713214,7.89581257349522,20
8285.262,2.1,1300,0.33,7.9076031330728425,7.741881750661067,20
8285.262,2.1,1300,0.33,8.003751348359506,7.820197858439646,20
8285.262,2.1,1300,0.33,8.11506501421495,7.93650918093272,20
8285.262,2.1,1300,0.33,7.115621411705112,6.96414678494574,19.193516371792416
8285.262,2.1,1300,0.33,6.875847858874166,6.781330670515654,20
8285.262,2.1,1300,0.33,7.41219230002382,7.284370892751463,20
8285.262,2.1,1300,0.33,8.551820827782509,8.381843057323582,20
8285.262,2.1,1300,0.33,7.570049663959958,7.444494318609974,19.418864298129762
8285.262,2.1,1300,0.33,7.071235108418641,6.936910276896123,19.874654188839408
8285.262,2.1,1300,0.33,9.473282011385349,9.264737460416987,20
8285.262,2.1,1300,0.33,6.693958347551518,6.554307086924314,17.753313377997273
8285.262,2.1,1300,0.33,7.378930348965102,7.2556508320289,20
8285.262,2.1,1300,0.33,7.6136050657021554,7.48646254732918,20
8285.262,2.1,1300,0.33,7.295109892985118,7.197467997814282,20
8285.262,2.1,1300,0.33,8.125610664303052,8.010878933911316,20
8285.262,2.1,1300,0.33,8.110604637190185,7.947489993105281,20
8285.262,2.1,1300,0.33,8.018554292995736,7.888826293450631,20
