True_K_S,True_K_S_Ratio,Input_K_S,Input_K_S_Ratio,True_IRI,Est_IRI,Est_IRI_Wrong_Parameter
3212.253,0.2,18709,0.483,1.4984385497408048,1.4550027372034886,1.5598752115263816
3212.253,0.2,18709,0.483,2.279540585967038,2.227291321603689,2.4262233352682427
3212.253,0.2,18709,0.483,1.6751391673259255,1.6349042556717217,1.8355336273613836
3212.253,0.2,18709,0.483,1.2569876578833425,1.2314123324805029,1.3379161736573355
3212.253,0.2,18709,0.483,2.049177959953141,2.0193023005019746,2.131131214041443
3212.253,0.2,18709,0.483,0.22517448138928273,0.21963194586961224,0.23875267373464454
3212.253,0.2,18709,0.483,0.8396407156589245,0.8242963599700042,0.9013902071424237
3212.253,0.2,18709,0.483,0.7834269668774204,0.7712399344825994,0.8306339092398817
3212.253,0.2,18709,0.483,1.538985897603219,1.5109936405516318,1.6388450624731206
3212.253,0.2,18709,0.483,1.5569655451304643,1.5218190719806806,1.6905452678508888
3212.253,0.2,18709,0.483,1.7132709774525456,1.6775300851822446,1.862248511134363
3212.253,0.2,18709,0.483,2.2836228640326435,2.2288266959030407,2.433537713197098
3212.253,0.2,18709,0.483,2.5538988559897553,2.506932675650007,2.6484088646978345
3212.253,0.2,18709,0.483,2.1656770025793604,2.1082381907838164,2.317137341187315
3212.253,0.2,18709,0.483,1.2994428790136436,1.2740787442880042,1.3757936503166615
3212.253,0.2,18709,0.483,2.48141198664964,2.4329507960875,2.6252881482643837
3212.253,0.2,18709,0.483,1.757048918082585,1.729961921423838,1.8627553046465313
3212.253,0.2,18709,0.483,3.3600303242403626,3.292657224529586,3.502685393560784
3212.253,0.2,18709,0.483,2.794124300567109,2.7385941643368645,2.9716490427196796
3212.253,0.2,18709,0.483,1.8004219910687032,1.7716263011886224,1.8893058162319614
3212.253,0.2,18709,0.483,1.7726177489008184,1.7399688861531024,1.9181320108749746
3212.253,0.2,18709,0.483,0.9605984242740598,0.9409273301762451,1.0184084464009993
3212.253,0.2,18709,0.483,1.9962829356389846,1.9650373669933356,2.1093998761667865
3212.253,0.2,18709,0.483,0.7146560471372335,0.7006613184570142,0.7431504975337521
3212.253,0.2,18709,0.483,2.2854435644568847,2.2396069568484895,2.3735469115032295
3212.253,0.2,18709,0.483,0.13996952352859857,0.13700349782975768,0.15067214851874325
3212.253,0.2,18709,0.483,0.7770524763259953,0.7601794431475843,0.8024219736219661
3212.253,0.2,18709,0.483,3.746791562156421,3.68336709296,3.969008519016266
3212.253,0.2,18709,0.483,3.101676435094694,3.0398925455102694,3.3646801914727495
3212.253,0.2,18709,0.483,3.3268485137879704,3.2643409560361096,3.484872612352772
3212.253,0.2,18709,0.483,0.17260024785765354,0.1694737318902903,0.1845956149127656
3212.253,0.2,18709,0.483,0.4502466235052151,0.44161811780679855,0.4905729229335199
3212.253,0.2,18709,0.483,0.5037086454352715,0.4939332075753878,0.5410009195033806
3212.253,0.2,18709,0.483,3.938073794256384,3.8854497065108866,4.0717172440337555
3212.253,0.2,18709,0.483,4.42780951147841,4.34597858157897,4.536109216923919
3212.253,0.2,18709,0.483,4.688181253326136,4.605681981868004,4.930607580070785
3212.253,0.2,18709,0.483,4.679743389858256,4.599852636264414,5.135483390438414
3212.253,0.2,18709,0.483,4.152393904222051,4.08992556624163,4.2779531240678175
3212.253,0.2,18709,0.483,4.3983132023481915,4.324787340142039,4.541490791505568
3212.253,0.2,18709,0.483,5.50572272832788,5.410096907298094,5.7942902693272575
3212.253,0.2,18709,0.483,5.2124194018011405,5.126814437836378,5.502697465832637
3212.253,0.2,18709,0.483,4.058927579908129,3.9780903900283584,4.261280189407939
3212.253,0.2,18709,0.483,5.229487888189269,5.112968415536107,5.458673114597615
3212.253,0.2,18709,0.483,4.345279889652502,4.257731017756678,4.758572961072203
3212.253,0.2,18709,0.483,4.716777844191145,4.6448858370875685,4.960318918772007
3212.253,0.2,18709,0.483,5.732982974851909,5.63312625179297,6.053491695507233
3212.253,0.2,18709,0.483,4.374512503735991,4.29921918731741,4.634767552338593
3212.253,0.2,18709,0.483,4.316586870416358,4.232260610781126,4.537025263296688
3212.253,0.2,18709,0.483,4.767367995444496,4.695411057847784,5.02284866432072
3212.253,0.2,18709,0.483,6.028178273087421,5.875975873697038,6.488673863367289
3212.253,0.2,18709,0.483,5.942798077758004,5.837687458277698,6.218559949589588
3212.253,0.2,18709,0.483,4.649853125185503,4.5922262422855225,4.910450000292063
3212.253,0.2,18709,0.483,5.64068732122567,5.536721292616395,6.054756569606497
3212.253,0.2,18709,0.483,3.85094912156503,3.7686559336172505,3.9213511803497205
3212.253,0.2,18709,0.483,4.564458458184601,4.484907225998994,4.736787227989192
3212.253,0.2,18709,0.483,5.7600803794276185,5.636585168863498,6.030153398493037
3212.253,0.2,18709,0.483,4.5363335392826825,4.437914378562387,4.8040128675399
3212.253,0.2,18709,0.483,4.85293412830562,4.788664174769963,5.141735979503359
3212.253,0.2,18709,0.483,5.253806555660671,5.149399847502722,5.6222033295477525
3212.253,0.2,18709,0.483,5.932108531394192,5.832209865635223,6.238613169805935
3212.253,0.2,18709,0.483,4.936539523537977,4.847768869634312,5.240168672862325
3212.253,0.2,18709,0.483,4.047292520687275,3.976113699873068,4.317216108273002
3212.253,0.2,18709,0.483,3.8947537986844036,3.80699920999724,4.212779506132419
3212.253,0.2,18709,0.483,4.457248930070845,4.386722054075139,4.7068847916827155
3212.253,0.2,18709,0.483,5.033390955691866,4.960213366648264,5.22332381525942
3212.253,0.2,18709,0.483,3.3348422536167397,3.264279993331141,3.5777576363379944
3212.253,0.2,18709,0.483,7.661449832747567,7.457615595274724,8.23551021585253
3212.253,0.2,18709,0.483,9.17068800514708,9.008846711666443,9.437268562860373
3212.253,0.2,18709,0.483,7.783729001547114,7.651940652467538,8.199858471697182
3212.253,0.2,18709,0.483,8.89630366756205,8.740941159318504,9.00934035876463
3212.253,0.2,18709,0.483,8.59272447570084,8.416858249989188,9.110312557648133
3212.253,0.2,18709,0.483,6.119409915540167,6.034784786571252,6.425484606668766
3212.253,0.2,18709,0.483,9.202490771294398,9.051542806975824,9.956552039124633
3212.253,0.2,18709,0.483,8.708751858985133,8.5588886560723,9.278330566797655
3212.253,0.2,18709,0.483,7.756599472928511,7.628066264511674,8.32243079998546
3212.253,0.2,18709,0.483,7.034859192038396,6.877581447423329,7.371468805671125
3212.253,0.2,18709,0.483,7.721921471038906,7.546296035380347,8.232755148648936
3212.253,0.2,18709,0.483,8.549257396575253,8.340794285309443,9.041912812551045
3212.253,0.2,18709,0.483,8.976005853554874,8.795106517216446,9.233172011164498
3212.253,0.2,18709,0.483,8.077949204654352,7.9250191102114655,8.33586063960171
3212.253,0.2,18709,0.483,8.828930897974965,8.662819927796216,9.345096517195454
3212.253,0.2,18709,0.483,8.489550366144636,8.305872170955976,8.975918363552683
3212.253,0.2,18709,0.483,8.075969292713214,7.89581257349522,8.540303105970027
3212.253,0.2,18709,0.483,7.9076031330728425,7.741881750661067,8.301758018762015
3212.253,0.2,18709,0.483,8.003751348359506,7.820197858439646,8.50724347575749
3212.253,0.2,18709,0.483,8.11506501421495,7.93650918093272,8.755277009912417
3212.253,0.2,18709,0.483,7.115621411705112,6.96414678494574,7.758217695323793
3212.253,0.2,18709,0.483,6.875847858874166,6.781330670515654,7.136434038016775
3212.253,0.2,18709,0.483,7.41219230002382,7.284370892751463,7.727043847237515
3212.253,0.2,18709,0.483,8.551820827782509,8.381843057323582,8.843467756543848
3212.253,0.2,18709,0.483,7.570049663959958,7.444494318609974,8.310534532992659
3212.253,0.2,18709,0.483,7.071235108418641,6.936910276896123,7.4145879992014
3212.253,0.2,18709,0.483,9.473282011385349,9.264737460416987,9.895641915141619
3212.253,0.2,18709,0.483,6.693958347551518,6.554307086924314,7.196879238437281
3212.253,0.2,18709,0.483,7.378930348965102,7.2556508320289,7.75987789491649
3212.253,0.2,18709,0.483,7.6136050657021554,7.48646254732918,8.03808722094849
3212.253,0.2,18709,0.483,7.295109892985118,7.197467997814282,7.771512611156397
3212.253,0.2,18709,0.483,8.125610664303052,8.010878933911316,8.818648533752548
3212.253,0.2,18709,0.483,8.110604637190185,7.947489993105281,8.122168059129896
3212.253,0.2,18709,0.483,8.018554292995736,7.888826293450631,8.25116200388986
7227.57,0.3,18709,0.483,1.4984385497408048,1.4550027372034886,1.550119115488561
7227.57,0.3,18709,0.483,2.279540585967038,2.227291321603689,2.4085452131343406
7227.57,0.3,18709,0.483,1.6751391673259255,1.6349042556717217,1.8112430273391678
7227.57,0.3,18709,0.483,1.2569876578833425,1.2314123324805029,1.3309531838502624
7227.57,0.3,18709,0.483,2.049177959953141,2.0193023005019746,2.1056255312367425
7227.57,0.3,18709,0.483,0.22517448138928273,0.21963194586961224,0.23733291393700864
7227.57,0.3,18709,0.483,0.8396407156589245,0.8242963599700042,0.8912210975123838
7227.57,0.3,18709,0.483,0.7834269668774204,0.7712399344825994,0.8253340201061977
7227.57,0.3,18709,0.483,1.538985897603219,1.5109936405516318,1.6249798937463893
7227.57,0.3,18709,0.483,1.5569655451304643,1.5218190719806806,1.6728690263245385
7227.57,0.3,18709,0.483,1.7132709774525456,1.6775300851822446,1.8480725896988657
7227.57,0.3,18709,0.483,2.2836228640326435,2.2288266959030407,2.4136457572647596
7227.57,0.3,18709,0.483,2.5538988559897553,2.506932675650007,2.646662493648943
7227.57,0.3,18709,0.483,2.1656770025793604,2.1082381907838164,2.297277304311648
7227.57,0.3,18709,0.483,1.2994428790136436,1.2740787442880042,1.3654448773200125
7227.57,0.3,18709,0.483,2.48141198664964,2.4329507960875,2.606653948292828
7227.57,0.3,18709,0.483,1.757048918082585,1.729961921423838,1.8443479821319255
7227.57,0.3,18709,0.483,3.3600303242403626,3.292657224529586,3.4702405297683114
7227.57,0.3,18709,0.483,2.794124300567109,2.7385941643368645,2.9534325752362824
7227.57,0.3,18709,0.483,1.8004219910687032,1.7716263011886224,1.8844584080168933
7227.57,0.3,18709,0.483,1.7726177489008184,1.7399688861531024,1.9010750178969247
7227.57,0.3,18709,0.483,0.9605984242740598,0.9409273301762451,1.0100739358830533
7227.57,0.3,18709,0.483,1.9962829356389846,1.9650373669933356,2.0962616147876183
7227.57,0.3,18709,0.483,0.7146560471372335,0.7006613184570142,0.7377026516452069
7227.57,0.3,18709,0.483,2.2854435644568847,2.2396069568484895,2.3477726184469416
7227.57,0.3,18709,0.483,0.13996952352859857,0.13700349782975768,0.14920646668764795
7227.57,0.3,18709,0.483,0.7770524763259953,0.7601794431475843,0.8010946753129269
7227.57,0.3,18709,0.483,3.746791562156421,3.68336709296,3.9456174746867276
7227.57,0.3,18709,0.483,3.101676435094694,3.0398925455102694,3.3372168738024253
7227.57,0.3,18709,0.483,3.3268485137879704,3.2643409560361096,3.47308050735635
7227.57,0.3,18709,0.483,0.17260024785765354,0.1694737318902903,0.18334725315898717
7227.57,0.3,18709,0.483,0.4502466235052151,0.44161811780679855,0.4860416726751957
7227.57,0.3,18709,0.483,0.5037086454352715,0.4939332075753878,0.5368058722781989
7227.57,0.3,18709,0.483,3.938073794256384,3.8854497065108866,4.0489575741197195
7227.57,0.3,18709,0.483,4.42780951147841,4.34597858157897,4.514917828627467
7227.57,0.3,18709,0.483,4.688181253326136,4.605681981868004,4.921014478264092
7227.57,0.3,18709,0.483,4.679743389858256,4.599852636264414,5.085468169384226
7227.57,0.3,18709,0.483,4.152393904222051,4.08992556624163,4.278967446914757
7227.57,0.3,18709,0.483,4.3983132023481915,4.324787340142039,4.510814514216897
7227.57,0.3,18709,0.483,5.50572272832788,5.410096907298094,5.736944102607988
7227.57,0.3,18709,0.483,5.2124194018011405,5.126814437836378,5.457119374109947
7227.57,0.3,18709,0.483,4.058927579908129,3.9780903900283584,4.2598988690829485
7227.57,0.3,18709,0.483,5.229487888189269,5.112968415536107,5.413285194022308
7227.57,0.3,18709,0.483,4.345279889652502,4.257731017756678,4.713830684931418
7227.57,0.3,18709,0.483,4.716777844191145,4.6448858370875685,4.906685534922472
7227.57,0.3,18709,0.483,5.732982974851909,5.63312625179297,5.993696927640628
7227.57,0.3,18709,0.483,4.374512503735991,4.29921918731741,4.607816990919841
7227.57,0.3,18709,0.483,4.316586870416358,4.232260610781126,4.499219813565028
7227.57,0.3,18709,0.483,4.767367995444496,4.695411057847784,4.97881809279474
7227.57,0.3,18709,0.483,6.028178273087421,5.875975873697038,6.423014071940721
7227.57,0.3,18709,0.483,5.942798077758004,5.837687458277698,6.175509547229146
7227.57,0.3,18709,0.483,4.649853125185503,4.5922262422855225,4.866843347833858
7227.57,0.3,18709,0.483,5.64068732122567,5.536721292616395,6.015729155135068
7227.57,0.3,18709,0.483,3.85094912156503,3.7686559336172505,3.9105641090096586
7227.57,0.3,18709,0.483,4.564458458184601,4.484907225998994,4.688760658404339
7227.57,0.3,18709,0.483,5.7600803794276185,5.636585168863498,5.978337003946262
7227.57,0.3,18709,0.483,4.5363335392826825,4.437914378562387,4.7877344431480795
7227.57,0.3,18709,0.483,4.85293412830562,4.788664174769963,5.119206006084152
7227.57,0.3,18709,0.483,5.253806555660671,5.149399847502722,5.582033696559624
7227.57,0.3,18709,0.483,5.932108531394192,5.832209865635223,6.176020096277374
7227.57,0.3,18709,0.483,4.936539523537977,4.847768869634312,5.178392113368356
7227.57,0.3,18709,0.483,4.047292520687275,3.976113699873068,4.280018963847764
7227.57,0.3,18709,0.483,3.8947537986844036,3.80699920999724,4.182834197061166
7227.57,0.3,18709,0.483,4.457248930070845,4.386722054075139,4.6740109400201355
7227.57,0.3,18709,0.483,5.033390955691866,4.960213366648264,5.193109726619241
7227.57,0.3,18709,0.483,3.3348422536167397,3.264279993331141,3.5478476123309766
7227.57,0.3,18709,0.483,7.661449832747567,7.457615595274724,8.143138365825605
7227.57,0.3,18709,0.483,9.17068800514708,9.008846711666443,9.376150749829614
7227.57,0.3,18709,0.483,7.783729001547114,7.651940652467538,8.204869279802674
7227.57,0.3,18709,0.483,8.89630366756205,8.740941159318504,9.00348920744522
7227.57,0.3,18709,0.483,8.59272447570084,8.416858249989188,9.015079669005749
7227.57,0.3,18709,0.483,6.119409915540167,6.034784786571252,6.385300893517286
7227.57,0.3,18709,0.483,9.202490771294398,9.051542806975824,9.817061652676049
7227.57,0.3,18709,0.483,8.708751858985133,8.5588886560723,9.187862731205536
7227.57,0.3,18709,0.483,7.756599472928511,7.628066264511674,8.196699038199405
7227.57,0.3,18709,0.483,7.034859192038396,6.877581447423329,7.336801276800999
7227.57,0.3,18709,0.483,7.721921471038906,7.546296035380347,8.101708506495422
7227.57,0.3,18709,0.483,8.549257396575253,8.340794285309443,8.969174423904052
7227.57,0.3,18709,0.483,8.976005853554874,8.795106517216446,9.187970628495698
7227.57,0.3,18709,0.483,8.077949204654352,7.9250191102114655,8.298467966984218
7227.57,0.3,18709,0.483,8.828930897974965,8.662819927796216,9.271075931670747
7227.57,0.3,18709,0.483,8.489550366144636,8.305872170955976,8.90243164196066
7227.57,0.3,18709,0.483,8.075969292713214,7.89581257349522,8.463238522157647
7227.57,0.3,18709,0.483,7.9076031330728425,7.741881750661067,8.270793835332631
7227.57,0.3,18709,0.483,8.003751348359506,7.820197858439646,8.46746776187195
7227.57,0.3,18709,0.483,8.11506501421495,7.93650918093272,8.711422222718024
7227.57,0.3,18709,0.483,7.115621411705112,6.96414678494574,7.694262635993714
7227.57,0.3,18709,0.483,6.875847858874166,6.781330670515654,7.1062135072405725
7227.57,0.3,18709,0.483,7.41219230002382,7.284370892751463,7.679077384532126
7227.57,0.3,18709,0.483,8.551820827782509,8.381843057323582,8.797613438158779
7227.57,0.3,18709,0.483,7.570049663959958,7.444494318609974,8.251594363091526
7227.57,0.3,18709,0.483,7.071235108418641,6.936910276896123,7.3573365385609675
7227.57,0.3,18709,0.483,9.473282011385349,9.264737460416987,9.8482339382222
7227.57,0.3,18709,0.483,6.693958347551518,6.554307086924314,7.145206084387784
7227.57,0.3,18709,0.483,7.378930348965102,7.2556508320289,7.757002646048422
7227.57,0.3,18709,0.483,7.6136050657021554,7.48646254732918,7.961518974391548
7227.57,0.3,18709,0.483,7.295109892985118,7.197467997814282,7.687116654428107
7227.57,0.3,18709,0.483,8.125610664303052,8.010878933911316,8.71679459685602
7227.57,0.3,18709,0.483,8.110604637190185,7.947489993105281,8.129197446209025
7227.57,0.3,18709,0.483,8.018554292995736,7.888826293450631,8.226977546390803
12849.013,0.4,18709,0.483,1.4984385497408048,1.4550027372034886,1.5627481906389966
12849.013,0.4,18709,0.483,2.279540585967038,2.227291321603689,2.404429011556913
12849.013,0.4,18709,0.483,1.6751391673259255,1.6349042556717217,1.7967307129563685
12849.013,0.4,18709,0.483,1.2569876578833425,1.2314123324805029,1.3358944621304838
12849.013,0.4,18709,0.483,2.049177959953141,2.0193023005019746,2.1057006366958575
12849.013,0.4,18709,0.483,0.22517448138928273,0.21963194586961224,0.23776056094354875
12849.013,0.4,18709,0.483,0.8396407156589245,0.8242963599700042,0.8877072275441612
12849.013,0.4,18709,0.483,0.7834269668774204,0.7712399344825994,0.8255323669415656
12849.013,0.4,18709,0.483,1.538985897603219,1.5109936405516318,1.6210373146295711
12849.013,0.4,18709,0.483,1.5569655451304643,1.5218190719806806,1.6636288415818
12849.013,0.4,18709,0.483,1.7132709774525456,1.6775300851822446,1.8457143032815375
12849.013,0.4,18709,0.483,2.2836228640326435,2.2288266959030407,2.425629291229684
12849.013,0.4,18709,0.483,2.5538988559897553,2.506932675650007,2.670444221978999
12849.013,0.4,18709,0.483,2.1656770025793604,2.1082381907838164,2.302558043306087
12849.013,0.4,18709,0.483,1.2994428790136436,1.2740787442880042,1.3732827848096847
12849.013,0.4,18709,0.483,2.48141198664964,2.4329507960875,2.613099690543388
12849.013,0.4,18709,0.483,1.757048918082585,1.729961921423838,1.8493036645316687
12849.013,0.4,18709,0.483,3.3600303242403626,3.292657224529586,3.4922713948118185
12849.013,0.4,18709,0.483,2.794124300567109,2.7385941643368645,2.9586798857115824
12849.013,0.4,18709,0.483,1.8004219910687032,1.7716263011886224,1.902096954017775
12849.013,0.4,18709,0.483,1.7726177489008184,1.7399688861531024,1.9001695973715222
12849.013,0.4,18709,0.483,0.9605984242740598,0.9409273301762451,1.0147322935484722
12849.013,0.4,18709,0.483,1.9962829356389846,1.9650373669933356,2.1016291368975724
12849.013,0.4,18709,0.483,0.7146560471372335,0.7006613184570142,0.7417531004172117
12849.013,0.4,18709,0.483,2.2854435644568847,2.2396069568484895,2.353673694114552
12849.013,0.4,18709,0.483,0.13996952352859857,0.13700349782975768,0.14892602219173764
12849.013,0.4,18709,0.483,0.7770524763259953,0.7601794431475843,0.8112903408042798
12849.013,0.4,18709,0.483,3.746791562156421,3.68336709296,3.9547025552209596
12849.013,0.4,18709,0.483,3.101676435094694,3.0398925455102694,3.34361073225604
12849.013,0.4,18709,0.483,3.3268485137879704,3.2643409560361096,3.4935355087964988
12849.013,0.4,18709,0.483,0.17260024785765354,0.1694737318902903,0.18253576249794629
12849.013,0.4,18709,0.483,0.4502466235052151,0.44161811780679855,0.4848764978289229
12849.013,0.4,18709,0.483,0.5037086454352715,0.4939332075753878,0.535177271654428
12849.013,0.4,18709,0.483,3.938073794256384,3.8854497065108866,4.086398953709209
12849.013,0.4,18709,0.483,4.42780951147841,4.34597858157897,4.568565648792135
12849.013,0.4,18709,0.483,4.688181253326136,4.605681981868004,4.938062685442131
12849.013,0.4,18709,0.483,4.679743389858256,4.599852636264414,5.053646195895387
12849.013,0.4,18709,0.483,4.152393904222051,4.08992556624163,4.328034885015572
12849.013,0.4,18709,0.483,4.3983132023481915,4.324787340142039,4.535279612424047
12849.013,0.4,18709,0.483,5.50572272832788,5.410096907298094,5.73929861073697
12849.013,0.4,18709,0.483,5.2124194018011405,5.126814437836378,5.48251212742976
12849.013,0.4,18709,0.483,4.058927579908129,3.9780903900283584,4.284592326580737
12849.013,0.4,18709,0.483,5.229487888189269,5.112968415536107,5.448212967361121
12849.013,0.4,18709,0.483,4.345279889652502,4.257731017756678,4.696979320843765
12849.013,0.4,18709,0.483,4.716777844191145,4.6448858370875685,4.8911777138493395
12849.013,0.4,18709,0.483,5.732982974851909,5.63312625179297,5.997314126667473
12849.013,0.4,18709,0.483,4.374512503735991,4.29921918731741,4.62302398932059
12849.013,0.4,18709,0.483,4.316586870416358,4.232260610781126,4.502973908112522
12849.013,0.4,18709,0.483,4.767367995444496,4.695411057847784,4.996068102478423
12849.013,0.4,18709,0.483,6.028178273087421,5.875975873697038,6.399981292669466
12849.013,0.4,18709,0.483,5.942798077758004,5.837687458277698,6.180047549803946
12849.013,0.4,18709,0.483,4.649853125185503,4.5922262422855225,4.8863733947000565
12849.013,0.4,18709,0.483,5.64068732122567,5.536721292616395,6.027024522637918
12849.013,0.4,18709,0.483,3.85094912156503,3.7686559336172505,3.963966168225034
12849.013,0.4,18709,0.483,4.564458458184601,4.484907225998994,4.704270078655261
12849.013,0.4,18709,0.483,5.7600803794276185,5.636585168863498,6.00322905094129
12849.013,0.4,18709,0.483,4.5363335392826825,4.437914378562387,4.818289933202453
12849.013,0.4,18709,0.483,4.85293412830562,4.788664174769963,5.132425488685905
12849.013,0.4,18709,0.483,5.253806555660671,5.149399847502722,5.591052885679121
12849.013,0.4,18709,0.483,5.932108531394192,5.832209865635223,6.169138878333781
12849.013,0.4,18709,0.483,4.936539523537977,4.847768869634312,5.1646851437121954
12849.013,0.4,18709,0.483,4.047292520687275,3.976113699873068,4.268535785022105
12849.013,0.4,18709,0.483,3.8947537986844036,3.80699920999724,4.179405245151366
12849.013,0.4,18709,0.483,4.457248930070845,4.386722054075139,4.672995429787223
12849.013,0.4,18709,0.483,5.033390955691866,4.960213366648264,5.215534582572346
12849.013,0.4,18709,0.483,3.3348422536167397,3.264279993331141,3.557035761640254
12849.013,0.4,18709,0.483,7.661449832747567,7.457615595274724,8.113832590731503
12849.013,0.4,18709,0.483,9.17068800514708,9.008846711666443,9.424856894060627
12849.013,0.4,18709,0.483,7.783729001547114,7.651940652467538,8.254221427271698
12849.013,0.4,18709,0.483,8.89630366756205,8.740941159318504,9.154168945167129
12849.013,0.4,18709,0.483,8.59272447570084,8.416858249989188,8.962732490294426
12849.013,0.4,18709,0.483,6.119409915540167,6.034784786571252,6.389349506063965
12849.013,0.4,18709,0.483,9.202490771294398,9.051542806975824,9.710208205859832
12849.013,0.4,18709,0.483,8.708751858985133,8.5588886560723,9.20025349514398
12849.013,0.4,18709,0.483,7.756599472928511,7.628066264511674,8.119210292467507
12849.013,0.4,18709,0.483,7.034859192038396,6.877581447423329,7.397047659055695
12849.013,0.4,18709,0.483,7.721921471038906,7.546296035380347,8.025066310835102
12849.013,0.4,18709,0.483,8.549257396575253,8.340794285309443,8.951103586320654
12849.013,0.4,18709,0.483,8.976005853554874,8.795106517216446,9.238866701580504
12849.013,0.4,18709,0.483,8.077949204654352,7.9250191102114655,8.327371583708805
12849.013,0.4,18709,0.483,8.828930897974965,8.662819927796216,9.308511944222884
12849.013,0.4,18709,0.483,8.489550366144636,8.305872170955976,8.909456727717943
12849.013,0.4,18709,0.483,8.075969292713214,7.89581257349522,8.424492466071435
12849.013,0.4,18709,0.483,7.9076031330728425,7.741881750661067,8.313589219493611
12849.013,0.4,18709,0.483,8.003751348359506,7.820197858439646,8.479112256945093
12849.013,0.4,18709,0.483,8.11506501421495,7.93650918093272,8.749081432655142
12849.013,0.4,18709,0.483,7.115621411705112,6.96414678494574,7.67570715014634
12849.013,0.4,18709,0.483,6.875847858874166,6.781330670515654,7.173138195367857
12849.013,0.4,18709,0.483,7.41219230002382,7.284370892751463,7.710955968863356
12849.013,0.4,18709,0.483,8.551820827782509,8.381843057323582,8.887290938849192
12849.013,0.4,18709,0.483,7.570049663959958,7.444494318609974,8.260250069562925
12849.013,0.4,18709,0.483,7.071235108418641,6.936910276896123,7.380335441142518
12849.013,0.4,18709,0.483,9.473282011385349,9.264737460416987,9.866083532923447
12849.013,0.4,18709,0.483,6.693958347551518,6.554307086924314,7.144852732636071
12849.013,0.4,18709,0.483,7.378930348965102,7.2556508320289,7.840782267996504
12849.013,0.4,18709,0.483,7.6136050657021554,7.48646254732918,7.984370172785321
12849.013,0.4,18709,0.483,7.295109892985118,7.197467997814282,7.674332828396367
12849.013,0.4,18709,0.483,8.125610664303052,8.010878933911316,8.713008862156798
12849.013,0.4,18709,0.483,8.110604637190185,7.947489993105281,8.256848533290647
12849.013,0.4,18709,0.483,8.018554292995736,7.888826293450631,8.310604332300247
20076.582,0.5,18709,0.483,1.4984385497408048,1.4550027372034886,1.61237082794664
20076.582,0.5,18709,0.483,2.279540585967038,2.227291321603689,2.4322670714425922
20076.582,0.5,18709,0.483,1.6751391673259255,1.6349042556717217,1.8095160702253137
20076.582,0.5,18709,0.483,1.2569876578833425,1.2314123324805029,1.3639936369153385
20076.582,0.5,18709,0.483,2.049177959953141,2.0193023005019746,2.160695343822919
20076.582,0.5,18709,0.483,0.22517448138928273,0.21963194586961224,0.24224658842356958
20076.582,0.5,18709,0.483,0.8396407156589245,0.8242963599700042,0.900124098814272
20076.582,0.5,18709,0.483,0.7834269668774204,0.7712399344825994,0.8416812064420212
20076.582,0.5,18709,0.483,1.538985897603219,1.5109936405516318,1.6510494551147332
20076.582,0.5,18709,0.483,1.5569655451304643,1.5218190719806806,1.6722366574456442
20076.582,0.5,18709,0.483,1.7132709774525456,1.6775300851822446,1.8729951915086043
20076.582,0.5,18709,0.483,2.2836228640326435,2.2288266959030407,2.4820106074735784
20076.582,0.5,18709,0.483,2.5538988559897553,2.506932675650007,2.752509886691166
20076.582,0.5,18709,0.483,2.1656770025793604,2.1082381907838164,2.343813191827315
20076.582,0.5,18709,0.483,1.2994428790136436,1.2740787442880042,1.4128317203285832
20076.582,0.5,18709,0.483,2.48141198664964,2.4329507960875,2.676371196311171
20076.582,0.5,18709,0.483,1.757048918082585,1.729961921423838,1.8916567982222126
20076.582,0.5,18709,0.483,3.3600303242403626,3.292657224529586,3.59674523343723
20076.582,0.5,18709,0.483,2.794124300567109,2.7385941643368645,3.017940855949683
20076.582,0.5,18709,0.483,1.8004219910687032,1.7716263011886224,1.9648198560472316
20076.582,0.5,18709,0.483,1.7726177489008184,1.7399688861531024,1.9269791242885812
20076.582,0.5,18709,0.483,0.9605984242740598,0.9409273301762451,1.0463350575084462
20076.582,0.5,18709,0.483,1.9962829356389846,1.9650373669933356,2.1426425964753046
20076.582,0.5,18709,0.483,0.7146560471372335,0.7006613184570142,0.7637694086991174
20076.582,0.5,18709,0.483,2.2854435644568847,2.2396069568484895,2.421779194429428
20076.582,0.5,18709,0.483,0.13996952352859857,0.13700349782975768,0.15162105720229876
20076.582,0.5,18709,0.483,0.7770524763259953,0.7601794431475843,0.8414455097535056
20076.582,0.5,18709,0.483,3.746791562156421,3.68336709296,4.02293489088688
20076.582,0.5,18709,0.483,3.101676435094694,3.0398925455102694,3.427402590680059
20076.582,0.5,18709,0.483,3.3268485137879704,3.2643409560361096,3.583375239949228
20076.582,0.5,18709,0.483,0.17260024785765354,0.1694737318902903,0.18477975883880768
20076.582,0.5,18709,0.483,0.4502466235052151,0.44161811780679855,0.4930753913505117
20076.582,0.5,18709,0.483,0.5037086454352715,0.4939332075753878,0.5444995785157642
20076.582,0.5,18709,0.483,3.938073794256384,3.8854497065108866,4.23242606638623
20076.582,0.5,18709,0.483,4.42780951147841,4.34597858157897,4.731096163670008
20076.582,0.5,18709,0.483,4.688181253326136,4.605681981868004,5.057412628927159
20076.582,0.5,18709,0.483,4.679743389858256,4.599852636264414,5.0992270554724
20076.582,0.5,18709,0.483,4.152393904222051,4.08992556624163,4.436341360832424
20076.582,0.5,18709,0.483,4.3983132023481915,4.324787340142039,4.711032199583964
20076.582,0.5,18709,0.483,5.50572272832788,5.410096907298094,5.853767054675792
20076.582,0.5,18709,0.483,5.2124194018011405,5.126814437836378,5.617501528324399
20076.582,0.5,18709,0.483,4.058927579908129,3.9780903900283584,4.384088450036189
20076.582,0.5,18709,0.483,5.229487888189269,5.112968415536107,5.615554748972173
20076.582,0.5,18709,0.483,4.345279889652502,4.257731017756678,4.763224125349629
20076.582,0.5,18709,0.483,4.716777844191145,4.6448858370875685,5.042374269478053
20076.582,0.5,18709,0.483,5.732982974851909,5.63312625179297,6.186088696095711
20076.582,0.5,18709,0.483,4.374512503735991,4.29921918731741,4.718767270410332
20076.582,0.5,18709,0.483,4.316586870416358,4.232260610781126,4.61548082801985
20076.582,0.5,18709,0.483,4.767367995444496,4.695411057847784,5.138612090511122
20076.582,0.5,18709,0.483,6.028178273087421,5.875975873697038,6.482252825973027
20076.582,0.5,18709,0.483,5.942798077758004,5.837687458277698,6.371697363361953
20076.582,0.5,18709,0.483,4.649853125185503,4.5922262422855225,5.0270819517013345
20076.582,0.5,18709,0.483,5.64068732122567,5.536721292616395,6.12546567795539
20076.582,0.5,18709,0.483,3.85094912156503,3.7686559336172505,4.149243795011291
20076.582,0.5,18709,0.483,4.564458458184601,4.484907225998994,4.818573804136706
20076.582,0.5,18709,0.483,5.7600803794276185,5.636585168863498,6.17227418021602
20076.582,0.5,18709,0.483,4.5363335392826825,4.437914378562387,4.935172448719508
20076.582,0.5,18709,0.483,4.85293412830562,4.788664174769963,5.255948955842083
20076.582,0.5,18709,0.483,5.253806555660671,5.149399847502722,5.752789467204907
20076.582,0.5,18709,0.483,5.932108531394192,5.832209865635223,6.2765384254695515
20076.582,0.5,18709,0.483,4.936539523537977,4.847768869634312,5.244653086486484
20076.582,0.5,18709,0.483,4.047292520687275,3.976113699873068,4.345241263483905
20076.582,0.5,18709,0.483,3.8947537986844036,3.80699920999724,4.236741124945418
20076.582,0.5,18709,0.483,4.457248930070845,4.386722054075139,4.738297476470472
20076.582,0.5,18709,0.483,5.033390955691866,4.960213366648264,5.41816325826196
20076.582,0.5,18709,0.483,3.3348422536167397,3.264279993331141,3.640372937630426
20076.582,0.5,18709,0.483,7.661449832747567,7.457615595274724,8.268983400694585
20076.582,0.5,18709,0.483,9.17068800514708,9.008846711666443,9.663240139255207
20076.582,0.5,18709,0.483,7.783729001547114,7.651940652467538,8.407046288746152
20076.582,0.5,18709,0.483,8.89630366756205,8.740941159318504,9.538170513017153
20076.582,0.5,18709,0.483,8.59272447570084,8.416858249989188,9.045348615148006
20076.582,0.5,18709,0.483,6.119409915540167,6.034784786571252,6.564752349395415
20076.582,0.5,18709,0.483,9.202490771294398,9.051542806975824,9.735828222490909
20076.582,0.5,18709,0.483,8.708751858985133,8.5588886560723,9.44840345965879
20076.582,0.5,18709,0.483,7.756599472928511,7.628066264511674,8.254793580950691
20076.582,0.5,18709,0.483,7.034859192038396,6.877581447423329,7.620279837264417
20076.582,0.5,18709,0.483,7.721921471038906,7.546296035380347,8.154156546815825
20076.582,0.5,18709,0.483,8.549257396575253,8.340794285309443,9.0656502249252
20076.582,0.5,18709,0.483,8.976005853554874,8.795106517216446,9.540325039133728
20076.582,0.5,18709,0.483,8.077949204654352,7.9250191102114655,8.489977273787018
20076.582,0.5,18709,0.483,8.828930897974965,8.662819927796216,9.532305179411738
20076.582,0.5,18709,0.483,8.489550366144636,8.305872170955976,9.116581461829387
20076.582,0.5,18709,0.483,8.075969292713214,7.89581257349522,8.556523561870435
20076.582,0.5,18709,0.483,7.9076031330728425,7.741881750661067,8.492821836322497
20076.582,0.5,18709,0.483,8.003751348359506,7.820197858439646,8.689219411075646
20076.582,0.5,18709,0.483,8.11506501421495,7.93650918093272,8.904976436858147
20076.582,0.5,18709,0.483,7.115621411705112,6.96414678494574,7.78437262647283
20076.582,0.5,18709,0.483,6.875847858874166,6.781330670515654,7.373369992782373
20076.582,0.5,18709,0.483,7.41219230002382,7.284370892751463,7.99891438030555
20076.582,0.5,18709,0.483,8.551820827782509,8.381843057323582,9.147377959805558
20076.582,0.5,18709,0.483,7.570049663959958,7.444494318609974,8.37779460549614
20076.582,0.5,18709,0.483,7.071235108418641,6.936910276896123,7.578484162303131
20076.582,0.5,18709,0.483,9.473282011385349,9.264737460416987,10.11647925777243
20076.582,0.5,18709,0.483,6.693958347551518,6.554307086924314,7.289138579273863
20076.582,0.5,18709,0.483,7.378930348965102,7.2556508320289,8.06454787216481
20076.582,0.5,18709,0.483,7.6136050657021554,7.48646254732918,8.18227464163591
20076.582,0.5,18709,0.483,7.295109892985118,7.197467997814282,7.8795232175742
20076.582,0.5,18709,0.483,8.125610664303052,8.010878933911316,8.833410225263457
20076.582,0.5,18709,0.483,8.110604637190185,7.947489993105281,8.597432390606729
20076.582,0.5,18709,0.483,8.018554292995736,7.888826293450631,8.596512600125074
28910.279,0.6,18709,0.483,1.4984385497408048,1.4550027372034886,1.7184184960334339
28910.279,0.6,18709,0.483,2.279540585967038,2.227291321603689,2.53527283173017
28910.279,0.6,18709,0.483,1.6751391673259255,1.6349042556717217,1.8624415749365943
28910.279,0.6,18709,0.483,1.2569876578833425,1.2314123324805029,1.4509638780521688
28910.279,0.6,18709,0.483,2.049177959953141,2.0193023005019746,2.303004289330069
28910.279,0.6,18709,0.483,0.22517448138928273,0.21963194586961224,0.25495223797612054
28910.279,0.6,18709,0.483,0.8396407156589245,0.8242963599700042,0.9499746378902513
28910.279,0.6,18709,0.483,0.7834269668774204,0.7712399344825994,0.8895787958195343
28910.279,0.6,18709,0.483,1.538985897603219,1.5109936405516318,1.7475484955708183
28910.279,0.6,18709,0.483,1.5569655451304643,1.5218190719806806,1.728180628128642
28910.279,0.6,18709,0.483,1.7132709774525456,1.6775300851822446,1.9514907676222832
28910.279,0.6,18709,0.483,2.2836228640326435,2.2288266959030407,2.58235276377568
28910.279,0.6,18709,0.483,2.5538988559897553,2.506932675650007,2.9966718448100087
28910.279,0.6,18709,0.483,2.1656770025793604,2.1082381907838164,2.4548382733264256
28910.279,0.6,18709,0.483,1.2994428790136436,1.2740787442880042,1.5239792030732655
28910.279,0.6,18709,0.483,2.48141198664964,2.4329507960875,2.8246586355282126
28910.279,0.6,18709,0.483,1.757048918082585,1.729961921423838,1.9944106002260993
28910.279,0.6,18709,0.483,3.3600303242403626,3.292657224529586,3.8849495633991906
28910.279,0.6,18709,0.483,2.794124300567109,2.7385941643368645,3.1909184274385067
28910.279,0.6,18709,0.483,1.8004219910687032,1.7716263011886224,2.118367899340516
28910.279,0.6,18709,0.483,1.7726177489008184,1.7399688861531024,2.0189438747519555
28910.279,0.6,18709,0.483,0.9605984242740598,0.9409273301762451,1.1355818734378906
28910.279,0.6,18709,0.483,1.9962829356389846,1.9650373669933356,2.2595229079050085
28910.279,0.6,18709,0.483,0.7146560471372335,0.7006613184570142,0.8143946401822939
28910.279,0.6,18709,0.483,2.2854435644568847,2.2396069568484895,2.548820282410998
28910.279,0.6,18709,0.483,0.13996952352859857,0.13700349782975768,0.16005044774972904
28910.279,0.6,18709,0.483,0.7770524763259953,0.7601794431475843,0.9156374262377731
28910.279,0.6,18709,0.483,3.746791562156421,3.68336709296,4.199710917647082
28910.279,0.6,18709,0.483,3.101676435094694,3.0398925455102694,3.61952713829104
28910.279,0.6,18709,0.483,3.3268485137879704,3.2643409560361096,3.8792186183588395
28910.279,0.6,18709,0.483,0.17260024785765354,0.1694737318902903,0.19438776362829335
28910.279,0.6,18709,0.483,0.4502466235052151,0.44161811780679855,0.5153883385078929
28910.279,0.6,18709,0.483,0.5037086454352715,0.4939332075753878,0.5721820205471322
28910.279,0.6,18709,0.483,3.938073794256384,3.8854497065108866,4.638894350417309
28910.279,0.6,18709,0.483,4.42780951147841,4.34597858157897,5.141319000940197
28910.279,0.6,18709,0.483,4.688181253326136,4.605681981868004,5.3597190561943195
28910.279,0.6,18709,0.483,4.679743389858256,4.599852636264414,5.308430338309629
28910.279,0.6,18709,0.483,4.152393904222051,4.08992556624163,4.717540337827898
28910.279,0.6,18709,0.483,4.3983132023481915,4.324787340142039,5.125815951920638
28910.279,0.6,18709,0.483,5.50572272832788,5.410096907298094,6.228410584854914
28910.279,0.6,18709,0.483,5.2124194018011405,5.126814437836378,5.900595012614872
28910.279,0.6,18709,0.483,4.058927579908129,3.9780903900283584,4.642765800209214
28910.279,0.6,18709,0.483,5.229487888189269,5.112968415536107,6.002040186109942
28910.279,0.6,18709,0.483,4.345279889652502,4.257731017756678,4.947753657506908
28910.279,0.6,18709,0.483,4.716777844191145,4.6448858370875685,5.448290778385397
28910.279,0.6,18709,0.483,5.732982974851909,5.63312625179297,6.649329638902927
28910.279,0.6,18709,0.483,4.374512503735991,4.29921918731741,5.0806966266117275
28910.279,0.6,18709,0.483,4.316586870416358,4.232260610781126,4.945319711535829
28910.279,0.6,18709,0.483,4.767367995444496,4.695411057847784,5.521485882713282
28910.279,0.6,18709,0.483,6.028178273087421,5.875975873697038,6.77167724531469
28910.279,0.6,18709,0.483,5.942798077758004,5.837687458277698,6.804587961120012
28910.279,0.6,18709,0.483,4.649853125185503,4.5922262422855225,5.367524447851754
28910.279,0.6,18709,0.483,5.64068732122567,5.536721292616395,6.446936765403693
28910.279,0.6,18709,0.483,3.85094912156503,3.7686559336172505,4.475504371937204
28910.279,0.6,18709,0.483,4.564458458184601,4.484907225998994,5.112276923648203
28910.279,0.6,18709,0.483,5.7600803794276185,5.636585168863498,6.547706031904167
28910.279,0.6,18709,0.483,4.5363335392826825,4.437914378562387,5.180311826643632
28910.279,0.6,18709,0.483,4.85293412830562,4.788664174769963,5.568054173062362
28910.279,0.6,18709,0.483,5.253806555660671,5.149399847502722,6.189529195340976
28910.279,0.6,18709,0.483,5.932108531394192,5.832209865635223,6.557541560144354
28910.279,0.6,18709,0.483,4.936539523537977,4.847768869634312,5.438276911452925
28910.279,0.6,18709,0.483,4.047292520687275,3.976113699873068,4.627389828113613
28910.279,0.6,18709,0.483,3.8947537986844036,3.80699920999724,4.4490529787514586
28910.279,0.6,18709,0.483,4.457248930070845,4.386722054075139,4.979828099317305
28910.279,0.6,18709,0.483,5.033390955691866,4.960213366648264,5.867919552805514
28910.279,0.6,18709,0.483,3.3348422536167397,3.264279993331141,3.8607165549029183
28910.279,0.6,18709,0.483,7.661449832747567,7.457615595274724,8.719416623329852
28910.279,0.6,18709,0.483,9.17068800514708,9.008846711666443,10.223699772217177
28910.279,0.6,18709,0.483,7.783729001547114,7.651940652467538,8.878240311909783
28910.279,0.6,18709,0.483,8.89630366756205,8.740941159318504,10.273876006499068
28910.279,0.6,18709,0.483,8.59272447570084,8.416858249989188,9.347753415832642
28910.279,0.6,18709,0.483,6.119409915540167,6.034784786571252,6.95485713700137
28910.279,0.6,18709,0.483,9.202490771294398,9.051542806975824,10.096026853465265
28910.279,0.6,18709,0.483,8.708751858985133,8.5588886560723,9.939083340765004
28910.279,0.6,18709,0.483,7.756599472928511,7.628066264511674,8.625205502637593
28910.279,0.6,18709,0.483,7.034859192038396,6.877581447423329,8.150798248986495
28910.279,0.6,18709,0.483,7.721921471038906,7.546296035380347,8.723464559341748
28910.279,0.6,18709,0.483,8.549257396575253,8.340794285309443,9.623568689099239
28910.279,0.6,18709,0.483,8.976005853554874,8.795106517216446,10.079778008488061
28910.279,0.6,18709,0.483,8.077949204654352,7.9250191102114655,9.04852953226782
28910.279,0.6,18709,0.483,8.828930897974965,8.662819927796216,9.988837388250952
28910.279,0.6,18709,0.483,8.489550366144636,8.305872170955976,9.673146592419252
28910.279,0.6,18709,0.483,8.075969292713214,7.89581257349522,9.026983026545045
28910.279,0.6,18709,0.483,7.9076031330728425,7.741881750661067,8.868929000399344
28910.279,0.6,18709,0.483,8.003751348359506,7.820197858439646,9.21059292784122
28910.279,0.6,18709,0.483,8.11506501421495,7.93650918093272,9.24731698530871
28910.279,0.6,18709,0.483,7.115621411705112,6.96414678494574,8.163810011200166
28910.279,0.6,18709,0.483,6.875847858874166,6.781330670515654,7.763551123875823
28910.279,0.6,18709,0.483,7.41219230002382,7.284370892751463,8.849634074617686
28910.279,0.6,18709,0.483,8.551820827782509,8.381843057323582,9.80177433128173
28910.279,0.6,18709,0.483,7.570049663959958,7.444494318609974,8.851667722528978
28910.279,0.6,18709,0.483,7.071235108418641,6.936910276896123,8.059094455903198
28910.279,0.6,18709,0.483,9.473282011385349,9.264737460416987,10.784404736960997
28910.279,0.6,18709,0.483,6.693958347551518,6.554307086924314,7.691576379799856
28910.279,0.6,18709,0.483,7.378930348965102,7.2556508320289,8.541209154509218
28910.279,0.6,18709,0.483,7.6136050657021554,7.48646254732918,8.74037904390169
28910.279,0.6,18709,0.483,7.295109892985118,7.197467997814282,8.511066175169073
28910.279,0.6,18709,0.483,8.125610664303052,8.010878933911316,9.145776716751428
28910.279,0.6,18709,0.483,8.110604637190185,7.947489993105281,9.316128803681087
28910.279,0.6,18709,0.483,8.018554292995736,7.888826293450631,9.21238170229935
39350.101,0.7,18709,0.483,1.4984385497408048,1.4550027372034886,1.888698372343279
39350.101,0.7,18709,0.483,2.279540585967038,2.227291321603689,2.7443352232287848
39350.101,0.7,18709,0.483,1.6751391673259255,1.6349042556717217,1.9768653214854477
39350.101,0.7,18709,0.483,1.2569876578833425,1.2314123324805029,1.603190794005904
39350.101,0.7,18709,0.483,2.049177959953141,2.0193023005019746,2.549884413785114
39350.101,0.7,18709,0.483,0.22517448138928273,0.21963194586961224,0.28117281036265296
39350.101,0.7,18709,0.483,0.8396407156589245,0.8242963599700042,1.034448622670754
39350.101,0.7,18709,0.483,0.7834269668774204,0.7712399344825994,0.9937966926871596
39350.101,0.7,18709,0.483,1.538985897603219,1.5109936405516318,1.936447222199731
39350.101,0.7,18709,0.483,1.5569655451304643,1.5218190719806806,1.8713014627758622
39350.101,0.7,18709,0.483,1.7132709774525456,1.6775300851822446,2.1376858720170286
39350.101,0.7,18709,0.483,2.2836228640326435,2.2288266959030407,2.790950492991845
39350.101,0.7,18709,0.483,2.5538988559897553,2.506932675650007,3.4351332563301082
39350.101,0.7,18709,0.483,2.1656770025793604,2.1082381907838164,2.664120214506106
39350.101,0.7,18709,0.483,1.2994428790136436,1.2740787442880042,1.7510071967100098
39350.101,0.7,18709,0.483,2.48141198664964,2.4329507960875,3.083517884067835
39350.101,0.7,18709,0.483,1.757048918082585,1.729961921423838,2.1676109953301923
39350.101,0.7,18709,0.483,3.3600303242403626,3.292657224529586,4.440572611331343
39350.101,0.7,18709,0.483,2.794124300567109,2.7385941643368645,3.479338216560621
39350.101,0.7,18709,0.483,1.8004219910687032,1.7716263011886224,2.4181803045233843
39350.101,0.7,18709,0.483,1.7726177489008184,1.7399688861531024,2.205304388238289
39350.101,0.7,18709,0.483,0.9605984242740598,0.9409273301762451,1.3334860869867255
39350.101,0.7,18709,0.483,1.9962829356389846,1.9650373669933356,2.4716264796220093
39350.101,0.7,18709,0.483,0.7146560471372335,0.7006613184570142,0.9088907216974248
39350.101,0.7,18709,0.483,2.2854435644568847,2.2396069568484895,2.806361420827464
39350.101,0.7,18709,0.483,0.13996952352859857,0.13700349782975768,0.175642062784651
39350.101,0.7,18709,0.483,0.7770524763259953,0.7601794431475843,1.0570185303337394
39350.101,0.7,18709,0.483,3.746791562156421,3.68336709296,4.616192491198503
39350.101,0.7,18709,0.483,3.101676435094694,3.0398925455102694,3.9737968304720703
39350.101,0.7,18709,0.483,3.3268485137879704,3.2643409560361096,4.461156796556658
39350.101,0.7,18709,0.483,0.17260024785765354,0.1694737318902903,0.2146026691868168
39350.101,0.7,18709,0.483,0.4502466235052151,0.44161811780679855,0.5595623563786568
39350.101,0.7,18709,0.483,0.5037086454352715,0.4939332075753878,0.6238975848634958
39350.101,0.7,18709,0.483,3.938073794256384,3.8854497065108866,5.432180050318589
39350.101,0.7,18709,0.483,4.42780951147841,4.34597858157897,5.953340251289471
39350.101,0.7,18709,0.483,4.688181253326136,4.605681981868004,5.94187216603125
39350.101,0.7,18709,0.483,4.679743389858256,4.599852636264414,5.734879345711232
39350.101,0.7,18709,0.483,4.152393904222051,4.08992556624163,5.156300440243965
39350.101,0.7,18709,0.483,4.3983132023481915,4.324787340142039,5.765337304461811
39350.101,0.7,18709,0.483,5.50572272832788,5.410096907298094,7.037688634099288
39350.101,0.7,18709,0.483,5.2124194018011405,5.126814437836378,6.465903861788707
39350.101,0.7,18709,0.483,4.058927579908129,3.9780903900283584,5.1176353811098645
39350.101,0.7,18709,0.483,5.229487888189269,5.112968415536107,6.6305166971241984
39350.101,0.7,18709,0.483,4.345279889652502,4.257731017756678,5.287595938743608
39350.101,0.7,18709,0.483,4.716777844191145,4.6448858370875685,6.164032560814615
39350.101,0.7,18709,0.483,5.732982974851909,5.63312625179297,7.537845829994634
39350.101,0.7,18709,0.483,4.374512503735991,4.29921918731741,5.7267218054516995
39350.101,0.7,18709,0.483,4.316586870416358,4.232260610781126,5.628748919888706
39350.101,0.7,18709,0.483,4.767367995444496,4.695411057847784,6.226370206689307
39350.101,0.7,18709,0.483,6.028178273087421,5.875975873697038,7.3961508570292
39350.101,0.7,18709,0.483,5.942798077758004,5.837687458277698,7.468388006580117
39350.101,0.7,18709,0.483,4.649853125185503,4.5922262422855225,5.9746332770510975
39350.101,0.7,18709,0.483,5.64068732122567,5.536721292616395,6.9645056030301795
39350.101,0.7,18709,0.483,3.85094912156503,3.7686559336172505,5.02697694882677
39350.101,0.7,18709,0.483,4.564458458184601,4.484907225998994,5.650301643777687
39350.101,0.7,18709,0.483,5.7600803794276185,5.636585168863498,7.145991030193072
39350.101,0.7,18709,0.483,4.5363335392826825,4.437914378562387,5.586865244460805
39350.101,0.7,18709,0.483,4.85293412830562,4.788664174769963,6.129483091024273
39350.101,0.7,18709,0.483,5.253806555660671,5.149399847502722,6.961006347791578
39350.101,0.7,18709,0.483,5.932108531394192,5.832209865635223,7.123777573761438
39350.101,0.7,18709,0.483,4.936539523537977,4.847768869634312,5.908435272327832
39350.101,0.7,18709,0.483,4.047292520687275,3.976113699873068,5.09997288102323
39350.101,0.7,18709,0.483,3.8947537986844036,3.80699920999724,4.956979476316929
39350.101,0.7,18709,0.483,4.457248930070845,4.386722054075139,5.472552370308431
39350.101,0.7,18709,0.483,5.033390955691866,4.960213366648264,6.775931179367354
39350.101,0.7,18709,0.483,3.3348422536167397,3.264279993331141,4.251747893178887
39350.101,0.7,18709,0.483,7.661449832747567,7.457615595274724,9.520611122082824
39350.101,0.7,18709,0.483,9.17068800514708,9.008846711666443,11.26450830446932
39350.101,0.7,18709,0.483,7.783729001547114,7.651940652467538,10.007981306097287
39350.101,0.7,18709,0.483,8.89630366756205,8.740941159318504,11.614802155008688
39350.101,0.7,18709,0.483,8.59272447570084,8.416858249989188,9.958717333317951
39350.101,0.7,18709,0.483,6.119409915540167,6.034784786571252,7.608855300737392
39350.101,0.7,18709,0.483,9.202490771294398,9.051542806975824,10.831690741908666
39350.101,0.7,18709,0.483,8.708751858985133,8.5588886560723,10.742324162267499
39350.101,0.7,18709,0.483,7.756599472928511,7.628066264511674,9.274396799483617
39350.101,0.7,18709,0.483,7.034859192038396,6.877581447423329,9.310809767856975
39350.101,0.7,18709,0.483,7.721921471038906,7.546296035380347,9.939804823352507
39350.101,0.7,18709,0.483,8.549257396575253,8.340794285309443,10.597429000110036
39350.101,0.7,18709,0.483,8.976005853554874,8.795106517216446,11.0362546693606
39350.101,0.7,18709,0.483,8.077949204654352,7.9250191102114655,10.131790737157194
39350.101,0.7,18709,0.483,8.828930897974965,8.662819927796216,10.853964488686099
39350.101,0.7,18709,0.483,8.489550366144636,8.305872170955976,10.478863948186422
39350.101,0.7,18709,0.483,8.075969292713214,7.89581257349522,9.997106584705383
39350.101,0.7,18709,0.483,7.9076031330728425,7.741881750661067,9.562455716190174
39350.101,0.7,18709,0.483,8.003751348359506,7.820197858439646,9.784222389979293
39350.101,0.7,18709,0.483,8.11506501421495,7.93650918093272,9.927411407694025
39350.101,0.7,18709,0.483,7.115621411705112,6.96414678494574,8.996679579496558
39350.101,0.7,18709,0.483,6.875847858874166,6.781330670515654,8.512818934868294
39350.101,0.7,18709,0.483,7.41219230002382,7.284370892751463,9.924781367801081
39350.101,0.7,18709,0.483,8.551820827782509,8.381843057323582,11.24236312243563
39350.101,0.7,18709,0.483,7.570049663959958,7.444494318609974,9.921151912821642
39350.101,0.7,18709,0.483,7.071235108418641,6.936910276896123,8.909762409717928
39350.101,0.7,18709,0.483,9.473282011385349,9.264737460416987,12.022134391610791
39350.101,0.7,18709,0.483,6.693958347551518,6.554307086924314,8.508456826807478
39350.101,0.7,18709,0.483,7.378930348965102,7.2556508320289,9.320736985316042
39350.101,0.7,18709,0.483,7.6136050657021554,7.48646254732918,9.96593849600968
39350.101,0.7,18709,0.483,7.295109892985118,7.197467997814282,9.601888852262892
39350.101,0.7,18709,0.483,8.125610664303052,8.010878933911316,9.689271548015945
39350.101,0.7,18709,0.483,8.110604637190185,7.947489993105281,10.651227784790668
39350.101,0.7,18709,0.483,8.018554292995736,7.888826293450631,10.444692175534035
51396.051,0.8,18709,0.483,1.4984385497408048,1.4550027372034886,2.3025715528262305
51396.051,0.8,18709,0.483,2.279540585967038,2.227291321603689,3.0766092325590897
51396.051,0.8,18709,0.483,1.6751391673259255,1.6349042556717217,2.179879508640449
51396.051,0.8,18709,0.483,1.2569876578833425,1.2314123324805029,1.8449463668108395
51396.051,0.8,18709,0.483,2.049177959953141,2.0193023005019746,2.912803634882787
51396.051,0.8,18709,0.483,0.22517448138928273,0.21963194586961224,0.31912901772072066
51396.051,0.8,18709,0.483,0.8396407156589245,0.8242963599700042,1.1570815744568113
51396.051,0.8,18709,0.483,0.7834269668774204,0.7712399344825994,1.1651687406696274
51396.051,0.8,18709,0.483,1.538985897603219,1.5109936405516318,2.203195653772912
51396.051,0.8,18709,0.483,1.5569655451304643,1.5218190719806806,2.1302594078853145
51396.051,0.8,18709,0.483,1.7132709774525456,1.6775300851822446,2.44176140562223
51396.051,0.8,18709,0.483,2.2836228640326435,2.2288266959030407,3.178607532824112
51396.051,0.8,18709,0.483,2.5538988559897553,2.506932675650007,4.010598121463756
51396.051,0.8,18709,0.483,2.1656770025793604,2.1082381907838164,3.0173557956339625
51396.051,0.8,18709,0.483,1.2994428790136436,1.2740787442880042,2.0069570167126836
51396.051,0.8,18709,0.483,2.48141198664964,2.4329507960875,3.4328739669276436
51396.051,0.8,18709,0.483,1.757048918082585,1.729961921423838,2.4625763361629844
51396.051,0.8,18709,0.483,3.3600303242403626,3.292657224529586,5.05172259197933
51396.051,0.8,18709,0.483,2.794124300567109,2.7385941643368645,3.822586281669333
51396.051,0.8,18709,0.483,1.8004219910687032,1.7716263011886224,2.907745168618751
51396.051,0.8,18709,0.483,1.7726177489008184,1.7399688861531024,2.5121436277545484
51396.051,0.8,18709,0.483,0.9605984242740598,0.9409273301762451,1.579234900018437
51396.051,0.8,18709,0.483,1.9962829356389846,1.9650373669933356,2.8050369350072937
51396.051,0.8,18709,0.483,0.7146560471372335,0.7006613184570142,1.0849134616990346
51396.051,0.8,18709,0.483,2.2854435644568847,2.2396069568484895,3.211349196914608
51396.051,0.8,18709,0.483,0.13996952352859857,0.13700349782975768,0.19506745609278026
51396.051,0.8,18709,0.483,0.7770524763259953,0.7601794431475843,1.3066772786725696
51396.051,0.8,18709,0.483,3.746791562156421,3.68336709296,5.278532341879058
51396.051,0.8,18709,0.483,3.101676435094694,3.0398925455102694,4.490063418563276
51396.051,0.8,18709,0.483,3.3268485137879704,3.2643409560361096,5.167310387041671
51396.051,0.8,18709,0.483,0.17260024785765354,0.1694737318902903,0.250136642419508
51396.051,0.8,18709,0.483,0.4502466235052151,0.44161811780679855,0.645921483137767
51396.051,0.8,18709,0.483,0.5037086454352715,0.4939332075753878,0.7070780711135504
51396.051,0.8,18709,0.483,3.938073794256384,3.8854497065108866,6.769856914530297
51396.051,0.8,18709,0.483,4.42780951147841,4.34597858157897,7.244790809635123
51396.051,0.8,18709,0.483,4.688181253326136,4.605681981868004,6.89485959229652
51396.051,0.8,18709,0.483,4.679743389858256,4.599852636264414,6.366677782947833
51396.051,0.8,18709,0.483,4.152393904222051,4.08992556624163,5.802090680497297
51396.051,0.8,18709,0.483,4.3983132023481915,4.324787340142039,6.677636868278787
51396.051,0.8,18709,0.483,5.50572272832788,5.410096907298094,8.539173199021784
51396.051,0.8,18709,0.483,5.2124194018011405,5.126814437836378,7.473445163954368
51396.051,0.8,18709,0.483,4.058927579908129,3.9780903900283584,5.81525222908159
51396.051,0.8,18709,0.483,5.229487888189269,5.112968415536107,7.714938278460688
51396.051,0.8,18709,0.483,4.345279889652502,4.257731017756678,5.899214249454065
51396.051,0.8,18709,0.483,4.716777844191145,4.6448858370875685,7.316254549514636
51396.051,0.8,18709,0.483,5.732982974851909,5.63312625179297,8.663352229837638
51396.051,0.8,18709,0.483,4.374512503735991,4.29921918731741,6.751412415597218
51396.051,0.8,18709,0.483,4.316586870416358,4.232260610781126,6.631221030701842
51396.051,0.8,18709,0.483,4.767367995444496,4.695411057847784,7.440156368902745
51396.051,0.8,18709,0.483,6.028178273087421,5.875975873697038,8.688773395900078
51396.051,0.8,18709,0.483,5.942798077758004,5.837687458277698,8.591833875057532
51396.051,0.8,18709,0.483,4.649853125185503,4.5922262422855225,6.903713632840547
51396.051,0.8,18709,0.483,5.64068732122567,5.536721292616395,7.581353975302457
51396.051,0.8,18709,0.483,3.85094912156503,3.7686559336172505,5.939611763595655
51396.051,0.8,18709,0.483,4.564458458184601,4.484907225998994,6.558522346011139
51396.051,0.8,18709,0.483,5.7600803794276185,5.636585168863498,8.561984588750478
51396.051,0.8,18709,0.483,4.5363335392826825,4.437914378562387,6.150966306669055
51396.051,0.8,18709,0.483,4.85293412830562,4.788664174769963,7.019843440716824
51396.051,0.8,18709,0.483,5.253806555660671,5.149399847502722,7.625060968547325
51396.051,0.8,18709,0.483,5.932108531394192,5.832209865635223,8.179559274994297
51396.051,0.8,18709,0.483,4.936539523537977,4.847768869634312,6.657778220189154
51396.051,0.8,18709,0.483,4.047292520687275,3.976113699873068,5.557276508928932
51396.051,0.8,18709,0.483,3.8947537986844036,3.80699920999724,5.8023602414889925
51396.051,0.8,18709,0.483,4.457248930070845,4.386722054075139,6.222399921687573
51396.051,0.8,18709,0.483,5.033390955691866,4.960213366648264,8.133795431518324
51396.051,0.8,18709,0.483,3.3348422536167397,3.264279993331141,4.857394240966418
51396.051,0.8,18709,0.483,7.661449832747567,7.457615595274724,10.827758789973457
51396.051,0.8,18709,0.483,9.17068800514708,9.008846711666443,12.871268777995608
51396.051,0.8,18709,0.483,7.783729001547114,7.651940652467538,12.0233950016311
51396.051,0.8,18709,0.483,8.89630366756205,8.740941159318504,14.000042104013053
51396.051,0.8,18709,0.483,8.59272447570084,8.416858249989188,11.141753765085221
51396.051,0.8,18709,0.483,6.119409915540167,6.034784786571252,8.71912105803934
51396.051,0.8,18709,0.483,9.202490771294398,9.051542806975824,12.08321360370743
51396.051,0.8,18709,0.483,8.708751858985133,8.5588886560723,11.857398324282077
51396.051,0.8,18709,0.483,7.756599472928511,7.628066264511674,10.210838473502706
51396.051,0.8,18709,0.483,7.034859192038396,6.877581447423329,10.841309611742915
51396.051,0.8,18709,0.483,7.721921471038906,7.546296035380347,11.417161627978134
51396.051,0.8,18709,0.483,8.549257396575253,8.340794285309443,12.2463910141871
51396.051,0.8,18709,0.483,8.976005853554874,8.795106517216446,12.53823874423791
51396.051,0.8,18709,0.483,8.077949204654352,7.9250191102114655,11.950748226985349
51396.051,0.8,18709,0.483,8.828930897974965,8.662819927796216,12.394188278249842
51396.051,0.8,18709,0.483,8.489550366144636,8.305872170955976,11.615299299799407
51396.051,0.8,18709,0.483,8.075969292713214,7.89581257349522,11.50158273359042
51396.051,0.8,18709,0.483,7.9076031330728425,7.741881750661067,10.829350045708985
51396.051,0.8,18709,0.483,8.003751348359506,7.820197858439646,10.66594076979317
51396.051,0.8,18709,0.483,8.11506501421495,7.93650918093272,11.09682253026294
51396.051,0.8,18709,0.483,7.115621411705112,6.96414678494574,10.317102997293206
51396.051,0.8,18709,0.483,6.875847858874166,6.781330670515654,9.709853728915363
51396.051,0.8,18709,0.483,7.41219230002382,7.284370892751463,11.244314148249597
51396.051,0.8,18709,0.483,8.551820827782509,8.381843057323582,13.75074139809052
51396.051,0.8,18709,0.483,7.570049663959958,7.444494318609974,11.641059566477532
51396.051,0.8,18709,0.483,7.071235108418641,6.936910276896123,10.155582615494163
51396.051,0.8,18709,0.483,9.473282011385349,9.264737460416987,13.744003619080306
51396.051,0.8,18709,0.483,6.693958347551518,6.554307086924314,9.900921647280722
51396.051,0.8,18709,0.483,7.378930348965102,7.2556508320289,10.622268858473142
51396.051,0.8,18709,0.483,7.6136050657021554,7.48646254732918,11.431990865690825
51396.051,0.8,18709,0.483,7.295109892985118,7.197467997814282,10.638754100751264
51396.051,0.8,18709,0.483,8.125610664303052,8.010878933911316,10.777124764979746
51396.051,0.8,18709,0.483,8.110604637190185,7.947489993105281,13.094241634424614
51396.051,0.8,18709,0.483,8.018554292995736,7.888826293450631,12.46059153839912
65048.127,0.9,18709,0.483,1.4984385497408048,1.4550027372034886,2.84408971086396
65048.127,0.9,18709,0.483,2.279540585967038,2.227291321603689,3.5531843539749115
65048.127,0.9,18709,0.483,1.6751391673259255,1.6349042556717217,2.56926824724283
65048.127,0.9,18709,0.483,1.2569876578833425,1.2314123324805029,2.2601227974492466
65048.127,0.9,18709,0.483,2.049177959953141,2.0193023005019746,3.327129546638907
65048.127,0.9,18709,0.483,0.22517448138928273,0.21963194586961224,0.37756835617587337
65048.127,0.9,18709,0.483,0.8396407156589245,0.8242963599700042,1.3454789762777475
65048.127,0.9,18709,0.483,0.7834269668774204,0.7712399344825994,1.4013720750027208
65048.127,0.9,18709,0.483,1.538985897603219,1.5109936405516318,2.522241014464792
65048.127,0.9,18709,0.483,1.5569655451304643,1.5218190719806806,2.540127701201003
65048.127,0.9,18709,0.483,1.7132709774525456,1.6775300851822446,2.8559778651939807
65048.127,0.9,18709,0.483,2.2836228640326435,2.2288266959030407,3.7251231037945565
65048.127,0.9,18709,0.483,2.5538988559897553,2.506932675650007,4.560228656529491
65048.127,0.9,18709,0.483,2.1656770025793604,2.1082381907838164,3.4275599576937874
65048.127,0.9,18709,0.483,1.2994428790136436,1.2740787442880042,2.1886800556161488
65048.127,0.9,18709,0.483,2.48141198664964,2.4329507960875,3.9236737908331922
65048.127,0.9,18709,0.483,1.757048918082585,1.729961921423838,2.734098739949766
65048.127,0.9,18709,0.483,3.3600303242403626,3.292657224529586,5.651688352834518
65048.127,0.9,18709,0.483,2.794124300567109,2.7385941643368645,4.367388307608018
65048.127,0.9,18709,0.483,1.8004219910687032,1.7716263011886224,3.652024059414969
65048.127,0.9,18709,0.483,1.7726177489008184,1.7399688861531024,2.905778938890855
65048.127,0.9,18709,0.483,0.9605984242740598,0.9409273301762451,1.8546021420503378
65048.127,0.9,18709,0.483,1.9962829356389846,1.9650373669933356,3.208125980143688
65048.127,0.9,18709,0.483,0.7146560471372335,0.7006613184570142,1.4004451050964446
65048.127,0.9,18709,0.483,2.2854435644568847,2.2396069568484895,3.6299256667886493
65048.127,0.9,18709,0.483,0.13996952352859857,0.13700349782975768,0.21370102911342329
65048.127,0.9,18709,0.483,0.7770524763259953,0.7601794431475843,1.6079879987946322
65048.127,0.9,18709,0.483,3.746791562156421,3.68336709296,6.162548320883251
65048.127,0.9,18709,0.483,3.101676435094694,3.0398925455102694,5.216105114371569
65048.127,0.9,18709,0.483,3.3268485137879704,3.2643409560361096,6.2347093919921575
65048.127,0.9,18709,0.483,0.17260024785765354,0.1694737318902903,0.28937144221316835
65048.127,0.9,18709,0.483,0.4502466235052151,0.44161811780679855,0.7760459942869206
65048.127,0.9,18709,0.483,0.5037086454352715,0.4939332075753878,0.8183452773214951
65048.127,0.9,18709,0.483,3.938073794256384,3.8854497065108866,8.062374430112973
65048.127,0.9,18709,0.483,4.42780951147841,4.34597858157897,8.89543690982636
65048.127,0.9,18709,0.483,4.688181253326136,4.605681981868004,8.03792992193535
65048.127,0.9,18709,0.483,4.679743389858256,4.599852636264414,7.365715278849967
65048.127,0.9,18709,0.483,4.152393904222051,4.08992556624163,6.912399009983988
65048.127,0.9,18709,0.483,4.3983132023481915,4.324787340142039,7.896959454771222
65048.127,0.9,18709,0.483,5.50572272832788,5.410096907298094,10.48971500642839
65048.127,0.9,18709,0.483,5.2124194018011405,5.126814437836378,9.056461276619308
65048.127,0.9,18709,0.483,4.058927579908129,3.9780903900283584,6.682753540050865
65048.127,0.9,18709,0.483,5.229487888189269,5.112968415536107,9.461938501631233
65048.127,0.9,18709,0.483,4.345279889652502,4.257731017756678,6.7248504252679995
65048.127,0.9,18709,0.483,4.716777844191145,4.6448858370875685,9.065403519224024
65048.127,0.9,18709,0.483,5.732982974851909,5.63312625179297,10.758631608174383
65048.127,0.9,18709,0.483,4.374512503735991,4.29921918731741,8.593878996209929
65048.127,0.9,18709,0.483,4.316586870416358,4.232260610781126,7.76402669147459
65048.127,0.9,18709,0.483,4.767367995444496,4.695411057847784,8.776331623337896
65048.127,0.9,18709,0.483,6.028178273087421,5.875975873697038,10.451074780401573
65048.127,0.9,18709,0.483,5.942798077758004,5.837687458277698,10.30919191787479
65048.127,0.9,18709,0.483,4.649853125185503,4.5922262422855225,8.541457296388867
65048.127,0.9,18709,0.483,5.64068732122567,5.536721292616395,8.359965649866373
65048.127,0.9,18709,0.483,3.85094912156503,3.7686559336172505,7.257535398699994
65048.127,0.9,18709,0.483,4.564458458184601,4.484907225998994,8.157817538339227
65048.127,0.9,18709,0.483,5.7600803794276185,5.636585168863498,10.751572269713806
65048.127,0.9,18709,0.483,4.5363335392826825,4.437914378562387,6.890394321700238
65048.127,0.9,18709,0.483,4.85293412830562,4.788664174769963,8.239494690056915
65048.127,0.9,18709,0.483,5.253806555660671,5.149399847502722,8.577954882511296
65048.127,0.9,18709,0.483,5.932108531394192,5.832209865635223,9.883826177687956
65048.127,0.9,18709,0.483,4.936539523537977,4.847768869634312,7.511176052483504
65048.127,0.9,18709,0.483,4.047292520687275,3.976113699873068,6.171692335266655
65048.127,0.9,18709,0.483,3.8947537986844036,3.80699920999724,6.79408615391444
65048.127,0.9,18709,0.483,4.457248930070845,4.386722054075139,7.3029499495010475
65048.127,0.9,18709,0.483,5.033390955691866,4.960213366648264,9.745159355203183
65048.127,0.9,18709,0.483,3.3348422536167397,3.264279993331141,5.776684663930239
65048.127,0.9,18709,0.483,7.661449832747567,7.457615595274724,12.526203816959304
65048.127,0.9,18709,0.483,9.17068800514708,9.008846711666443,14.863395914869772
65048.127,0.9,18709,0.483,7.783729001547114,7.651940652467538,14.798490319402557
65048.127,0.9,18709,0.483,8.89630366756205,8.740941159318504,17.083794298986266
65048.127,0.9,18709,0.483,8.59272447570084,8.416858249989188,12.402725320693412
65048.127,0.9,18709,0.483,6.119409915540167,6.034784786571252,10.548568866943238
65048.127,0.9,18709,0.483,9.202490771294398,9.051542806975824,14.35666948260279
65048.127,0.9,18709,0.483,8.708751858985133,8.5588886560723,14.00811446996357
65048.127,0.9,18709,0.483,7.756599472928511,7.628066264511674,11.649895310919417
65048.127,0.9,18709,0.483,7.034859192038396,6.877581447423329,12.014218219041839
65048.127,0.9,18709,0.483,7.721921471038906,7.546296035380347,12.577250695464102
65048.127,0.9,18709,0.483,8.549257396575253,8.340794285309443,14.125820979063507
65048.127,0.9,18709,0.483,8.976005853554874,8.795106517216446,14.443175490128988
65048.127,0.9,18709,0.483,8.077949204654352,7.9250191102114655,13.771371274907727
65048.127,0.9,18709,0.483,8.828930897974965,8.662819927796216,14.905918171185501
65048.127,0.9,18709,0.483,8.489550366144636,8.305872170955976,13.076965275867744
65048.127,0.9,18709,0.483,8.075969292713214,7.89581257349522,14.439560832906606
65048.127,0.9,18709,0.483,7.9076031330728425,7.741881750661067,12.7463043364939
65048.127,0.9,18709,0.483,8.003751348359506,7.820197858439646,11.752508041179045
65048.127,0.9,18709,0.483,8.11506501421495,7.93650918093272,13.20358962628821
65048.127,0.9,18709,0.483,7.115621411705112,6.96414678494574,12.442215359074767
65048.127,0.9,18709,0.483,6.875847858874166,6.781330670515654,11.429723141775114
65048.127,0.9,18709,0.483,7.41219230002382,7.284370892751463,13.584501647999423
65048.127,0.9,18709,0.483,8.551820827782509,8.381843057323582,17.14924853170359
65048.127,0.9,18709,0.483,7.570049663959958,7.444494318609974,13.522324921875304
65048.127,0.9,18709,0.483,7.071235108418641,6.936910276896123,11.701101521341087
65048.127,0.9,18709,0.483,9.473282011385349,9.264737460416987,16.586813444848083
65048.127,0.9,18709,0.483,6.693958347551518,6.554307086924314,12.070139162892216
65048.127,0.9,18709,0.483,7.378930348965102,7.2556508320289,12.236164090910085
65048.127,0.9,18709,0.483,7.6136050657021554,7.48646254732918,13.18778152169605
65048.127,0.9,18709,0.483,7.295109892985118,7.197467997814282,12.191633405845478
65048.127,0.9,18709,0.483,8.125610664303052,8.010878933911316,12.592095771144725
65048.127,0.9,18709,0.483,8.110604637190185,7.947489993105281,16.764031034049893
65048.127,0.9,18709,0.483,8.018554292995736,7.888826293450631,15.681672935321428
80306.33,1.0,18709,0.483,1.4984385497408048,1.4550027372034886,3.0151946905413043
80306.33,1.0,18709,0.483,2.279540585967038,2.227291321603689,4.2176409078449195
80306.33,1.0,18709,0.483,1.6751391673259255,1.6349042556717217,3.2146015566820307
80306.33,1.0,18709,0.483,1.2569876578833425,1.2314123324805029,2.821791081485391
80306.33,1.0,18709,0.483,2.049177959953141,2.0193023005019746,3.960713697037034
80306.33,1.0,18709,0.483,0.22517448138928273,0.21963194586961224,0.47767358379037533
80306.33,1.0,18709,0.483,0.8396407156589245,0.8242963599700042,1.60285795806474
80306.33,1.0,18709,0.483,0.7834269668774204,0.7712399344825994,1.6419977511467847
80306.33,1.0,18709,0.483,1.538985897603219,1.5109936405516318,2.9691241066457867
80306.33,1.0,18709,0.483,1.5569655451304643,1.5218190719806806,3.0813085741945105
80306.33,1.0,18709,0.483,1.7132709774525456,1.6775300851822446,3.487277168218965
80306.33,1.0,18709,0.483,2.2836228640326435,2.2288266959030407,4.438060639533676
80306.33,1.0,18709,0.483,2.5538988559897553,2.506932675650007,5.522620571611051
80306.33,1.0,18709,0.483,2.1656770025793604,2.1082381907838164,3.99720368725598
80306.33,1.0,18709,0.483,1.2994428790136436,1.2740787442880042,2.560556259728
80306.33,1.0,18709,0.483,2.48141198664964,2.4329507960875,4.591995795684607
80306.33,1.0,18709,0.483,1.757048918082585,1.729961921423838,3.0549635162058633
80306.33,1.0,18709,0.483,3.3600303242403626,3.292657224529586,6.865685082043501
80306.33,1.0,18709,0.483,2.794124300567109,2.7385941643368645,5.28607411069812
80306.33,1.0,18709,0.483,1.8004219910687032,1.7716263011886224,4.483807352326406
80306.33,1.0,18709,0.483,1.7726177489008184,1.7399688861531024,3.2336931505877278
80306.33,1.0,18709,0.483,0.9605984242740598,0.9409273301762451,2.1332992891383804
80306.33,1.0,18709,0.483,1.9962829356389846,1.9650373669933356,3.5607803342633133
80306.33,1.0,18709,0.483,0.7146560471372335,0.7006613184570142,1.7619394319968757
80306.33,1.0,18709,0.483,2.2854435644568847,2.2396069568484895,4.158492860323822
80306.33,1.0,18709,0.483,0.13996952352859857,0.13700349782975768,0.23395293880270007
80306.33,1.0,18709,0.483,0.7770524763259953,0.7601794431475843,1.9775911001307296
80306.33,1.0,18709,0.483,3.746791562156421,3.68336709296,7.409635270327219
80306.33,1.0,18709,0.483,3.101676435094694,3.0398925455102694,6.083186860419634
80306.33,1.0,18709,0.483,3.3268485137879704,3.2643409560361096,8.177813482977738
80306.33,1.0,18709,0.483,0.17260024785765354,0.1694737318902903,0.35678358178944236
80306.33,1.0,18709,0.483,0.4502466235052151,0.44161811780679855,0.8944340453942831
80306.33,1.0,18709,0.483,0.5037086454352715,0.4939332075753878,0.9813719922832266
80306.33,1.0,18709,0.483,3.938073794256384,3.8854497065108866,8.570596094539084
80306.33,1.0,18709,0.483,4.42780951147841,4.34597858157897,10.751622961561125
80306.33,1.0,18709,0.483,4.688181253326136,4.605681981868004,9.810454622352124
80306.33,1.0,18709,0.483,4.679743389858256,4.599852636264414,8.895193690498187
80306.33,1.0,18709,0.483,4.152393904222051,4.08992556624163,8.446263476195279
80306.33,1.0,18709,0.483,4.3983132023481915,4.324787340142039,9.508944419301057
80306.33,1.0,18709,0.483,5.50572272832788,5.410096907298094,12.759686663010694
80306.33,1.0,18709,0.483,5.2124194018011405,5.126814437836378,10.452273307206713
80306.33,1.0,18709,0.483,4.058927579908129,3.9780903900283584,7.834898785108081
80306.33,1.0,18709,0.483,5.229487888189269,5.112968415536107,11.714105189716287
80306.33,1.0,18709,0.483,4.345279889652502,4.257731017756678,7.895311802328662
80306.33,1.0,18709,0.483,4.716777844191145,4.6448858370875685,12.058836255396933
80306.33,1.0,18709,0.483,5.732982974851909,5.63312625179297,14.506408938674532
80306.33,1.0,18709,0.483,4.374512503735991,4.29921918731741,11.023830224893766
80306.33,1.0,18709,0.483,4.316586870416358,4.232260610781126,9.566807015641306
80306.33,1.0,18709,0.483,4.767367995444496,4.695411057847784,9.858978711249932
80306.33,1.0,18709,0.483,6.028178273087421,5.875975873697038,13.017633548347003
80306.33,1.0,18709,0.483,5.942798077758004,5.837687458277698,12.585492651802001
80306.33,1.0,18709,0.483,4.649853125185503,4.5922262422855225,10.826970805664082
80306.33,1.0,18709,0.483,5.64068732122567,5.536721292616395,9.52734669700548
80306.33,1.0,18709,0.483,3.85094912156503,3.7686559336172505,9.058879183235165
80306.33,1.0,18709,0.483,4.564458458184601,4.484907225998994,10.253256512732944
80306.33,1.0,18709,0.483,5.7600803794276185,5.636585168863498,13.044789402304502
80306.33,1.0,18709,0.483,4.5363335392826825,4.437914378562387,7.760734482942635
80306.33,1.0,18709,0.483,4.85293412830562,4.788664174769963,10.180254648493422
80306.33,1.0,18709,0.483,5.253806555660671,5.149399847502722,9.964307101912718
80306.33,1.0,18709,0.483,5.932108531394192,5.832209865635223,12.193173764303932
80306.33,1.0,18709,0.483,4.936539523537977,4.847768869634312,8.529823516547587
80306.33,1.0,18709,0.483,4.047292520687275,3.976113699873068,6.9713985188712195
80306.33,1.0,18709,0.483,3.8947537986844036,3.80699920999724,8.077170725802059
80306.33,1.0,18709,0.483,4.457248930070845,4.386722054075139,8.731730665786849
80306.33,1.0,18709,0.483,5.033390955691866,4.960213366648264,11.516947796319135
80306.33,1.0,18709,0.483,3.3348422536167397,3.264279993331141,7.175414097434937
80306.33,1.0,18709,0.483,7.661449832747567,7.457615595274724,14.798799842409858
80306.33,1.0,18709,0.483,9.17068800514708,9.008846711666443,17.68939041681156
80306.33,1.0,18709,0.483,7.783729001547114,7.651940652467538,16.99925242201956
80306.33,1.0,18709,0.483,8.89630366756205,8.740941159318504,18.54044201935235
80306.33,1.0,18709,0.483,8.59272447570084,8.416858249989188,13.807859493355199
80306.33,1.0,18709,0.483,6.119409915540167,6.034784786571252,13.28339777911691
80306.33,1.0,18709,0.483,9.202490771294398,9.051542806975824,17.13387475127104
80306.33,1.0,18709,0.483,8.708751858985133,8.5588886560723,18.30375923864427
80306.33,1.0,18709,0.483,7.756599472928511,7.628066264511674,13.196227295014882
80306.33,1.0,18709,0.483,7.034859192038396,6.877581447423329,13.826243363341725
80306.33,1.0,18709,0.483,7.721921471038906,7.546296035380347,14.334859059113663
80306.33,1.0,18709,0.483,8.549257396575253,8.340794285309443,15.98608704009702
80306.33,1.0,18709,0.483,8.976005853554874,8.795106517216446,17.26337046115702
80306.33,1.0,18709,0.483,8.077949204654352,7.9250191102114655,14.972890431983043
80306.33,1.0,18709,0.483,8.828930897974965,8.662819927796216,17.95390590076089
80306.33,1.0,18709,0.483,8.489550366144636,8.305872170955976,15.159553107624188
80306.33,1.0,18709,0.483,8.075969292713214,7.89581257349522,19.2757009569253
80306.33,1.0,18709,0.483,7.9076031330728425,7.741881750661067,15.068109529391684
80306.33,1.0,18709,0.483,8.003751348359506,7.820197858439646,13.627658597131862
80306.33,1.0,18709,0.483,8.11506501421495,7.93650918093272,15.78675939278191
80306.33,1.0,18709,0.483,7.115621411705112,6.96414678494574,15.62954245758268
80306.33,1.0,18709,0.483,6.875847858874166,6.781330670515654,14.404499396508273
80306.33,1.0,18709,0.483,7.41219230002382,7.284370892751463,17.301279347116857
80306.33,1.0,18709,0.483,8.551820827782509,8.381843057323582,20
80306.33,1.0,18709,0.483,7.570049663959958,7.444494318609974,16.636159090778943
80306.33,1.0,18709,0.483,7.071235108418641,6.936910276896123,13.945463245707256
80306.33,1.0,18709,0.483,9.473282011385349,9.264737460416987,20
80306.33,1.0,18709,0.483,6.693958347551518,6.554307086924314,14.8933837944317
80306.33,1.0,18709,0.483,7.378930348965102,7.2556508320289,14.157308339183926
80306.33,1.0,18709,0.483,7.6136050657021554,7.48646254732918,15.105738473404038
80306.33,1.0,18709,0.483,7.295109892985118,7.197467997814282,14.921948657841366
80306.33,1.0,18709,0.483,8.125610664303052,8.010878933911316,14.728222971192974
80306.33,1.0,18709,0.483,8.110604637190185,7.947489993105281,19.193220943970683
80306.33,1.0,18709,0.483,8.018554292995736,7.888826293450631,20
